Country,Opportunity_Organization_Name,End_Date,End_Month,Number_of_KG,Price_per_KG_(converted)_Currency,Price_per_KG_(converted),Total_Sales_(converted)_Currency,Total_Sales_(converted),Component_Metrics:_ID
Gambia,FBCFCS - FONI,12/4/2022,(04) APR 2022,1479.5,USD,1.01,USD,1501.62,a1Rt0000005TAGT
Gambia,FBCFCS - FONI,13/04/2022,(04) APR 2022,766,USD,1.13,USD,867.16,a1Rt0000005TAGU
Gambia,FBCFCS - FONI,14/04/2022,(04) APR 2022,938.6,USD,1.03,USD,970.95,a1Rt0000005TAGV
Gambia,FBCFCS - FONI,16/04/2022,(04) APR 2022,1787.7,USD,1.07,USD,1919.11,a1Rt0000005TAGW
Gambia,FBCFCS - FONI,29/04/2022,(04) APR 2022,732.5,USD,1.25,USD,915.02,a1Rt0000005TAox
Gambia,FBCFCS - FONI,23/04/2022,(04) APR 2022,965.5,USD,1.21,USD,1168.39,a1Rt0000005TB5W
Gambia,FBCFCS - FONI,17/04/2022,(04) APR 2022,1317.9,USD,1.11,USD,1466.22,a1Rt0000005TB5b
Gambia,FBCFCS - FONI,24/04/2022,(04) APR 2022,610.1,USD,1.25,USD,762.12,a1Rt0000005TB5g
Gambia,FBCFCS - FONI,27/04/2022,(04) APR 2022,656.5,USD,1.27,USD,832.89,a1Rt0000005TB5h
Gambia,FBCFCS - FONI,16/04/2022,(04) APR 2022,864.4,USD,1.07,USD,927.94,a1Rt0000005TB5k
Gambia,FBCFCS - FONI,28/04/2022,(04) APR 2022,692.4,USD,1.29,USD,891.96,a1Rt0000005TB5l
Gambia,FBCFCS - FONI,22/04/2022,(04) APR 2022,726.2,USD,1.17,USD,850.45,a1Rt0000005TB5m
Gambia,FBCFCS - FONI,26/04/2022,(04) APR 2022,929.7,USD,1.27,USD,1179.5,a1Rt0000005TB5n
Gambia,FBCFCS - FONI,21/04/2022,(04) APR 2022,962.5,USD,1.17,USD,1127.18,a1Rt0000005TB5o
Gambia,FBCFCS - FONI,26/04/2022,(04) APR 2022,1332,USD,1.17,USD,1559.9,a1Rt0000005TB5p
Gambia,FBCFCS - FONI,30/04/2022,(04) APR 2022,1319.8,USD,1.33,USD,1751.7,a1Rt0000005TB5v
Gambia,FBCFCS - FONI,30/04/2022,(04) APR 2022,897.5,USD,1.33,USD,1191.2,a1Rt0000005TB5w
Gambia,FBCFCS - FONI,28/04/2022,(04) APR 2022,1329.2,USD,1.29,USD,1712.29,a1Rt0000005TB60
Gambia,FBCFCS - FONI,1/5/2022,(05) MAY 2022,584.8,USD,1.33,USD,776.17,a1Rt0000005TBFH
Gambia,FBCFCS - FONI,2/5/2022,(05) MAY 2022,636,USD,1.35,USD,856.54,a1Rt0000005TBFI
Gambia,FBCFCS - FONI,5/5/2022,(05) MAY 2022,1117.5,USD,1.39,USD,1548.63,a1Rt0000005TC32
Gambia,FBCFCS - FONI,6/5/2022,(05) MAY 2022,516.8,USD,1.39,USD,716.18,a1Rt0000005TC8g
Gambia,FBCFCS - FONI,8/5/2022,(05) MAY 2022,1504.5,USD,1.39,USD,2084.94,a1Rt0000005TCPI
Guinea Bissau,BALANTA CUNDA,14/04/2022,(04) APR 2022,3600,USD,0.68,USD,2430.02,a1Rt0000005TCSC
Guinea Bissau,BALANTA CUNDA,16/04/2022,(04) APR 2022,6250,USD,0.68,USD,4218.78,a1Rt0000005TCSH
Guinea Bissau,BALANTA CUNDA,18/04/2022,(04) APR 2022,2935,USD,0.68,USD,1981.14,a1Rt0000005TCSM
Guinea Bissau,BALANTA CUNDA,22/04/2022,(04) APR 2022,3838,USD,0.68,USD,2590.67,a1Rt0000005TCSR
Guinea Bissau,BALANTA CUNDA,2/5/2022,(05) MAY 2022,4377,USD,0.68,USD,2954.49,a1Rt0000005TCSW
Gambia,KWCFCS - KIANG,21/04/2022,(04) APR 2022,3553.8,USD,1.17,USD,4161.85,a1Rt0000005TCbi
Gambia,FBCFCS - FONI,9/5/2022,(05) MAY 2022,353,USD,1.37,USD,482.3,a1Rt0000005TClO
Gambia,FBCFCS - FONI,9/5/2022,(05) MAY 2022,926.2,USD,1.39,USD,1283.53,a1Rt0000005TClT
Guinea Bissau,LAMPADA DE CAMPO,11/5/2022,(05) MAY 2022,8.5,USD,0.72,USD,6.12,a1Rt0000005TClY
Gambia,FBCFCS - FONI,18/04/2022,(04) APR 2022,1674.1,USD,1.13,USD,1895.18,a1Rt0000005TCwg
Gambia,FBCFCS - FONI,1/5/2022,(05) MAY 2022,762,USD,1.33,USD,1011.36,a1Rt0000005TCwh
Gambia,FBCFCS - FONI,1/5/2022,(05) MAY 2022,637.3,USD,1.33,USD,845.85,a1Rt0000005TCwi
Gambia,FBCFCS - FONI,11/5/2022,(05) MAY 2022,589.4,USD,1.35,USD,793.78,a1Rt0000005TCwj
Gambia,FBCFCS - FONI,9/5/2022,(05) MAY 2022,389,USD,1.37,USD,531.48,a1Rt0000005TCwk
Gambia,FBCFCS - FONI,22/04/2022,(04) APR 2022,1022.6,USD,1.17,USD,1197.56,a1Rt0000005TCwl
Gambia,FBCFCS - FONI,24/04/2022,(04) APR 2022,795,USD,1.25,USD,993.09,a1Rt0000005TCwm
Gambia,FBCFCS - FONI,1/5/2022,(05) MAY 2022,1334.6,USD,1.33,USD,1771.34,a1Rt0000005TCwn
Gambia,FBCFCS - FONI,26/05/2022,(05) MAY 2022,1045.7,USD,1.27,USD,1326.67,a1Rt0000005TCwo
Gambia,FBCFCS - FONI,5/5/2022,(05) MAY 2022,668.1,USD,1.35,USD,899.77,a1Rt0000005TCwp
Guinea Bissau,BUWONDENA,30/04/2022,(04) APR 2022,3503,USD,0.68,USD,2364.54,a1Rt0000005TCzB
Guinea Bissau,BUWONDENA,2/5/2022,(05) MAY 2022,5475,USD,0.68,USD,3695.65,a1Rt0000005TCzG
Guinea Bissau,BUWONDENA,5/5/2022,(05) MAY 2022,4881.5,USD,0.68,USD,3295.03,a1Rt0000005TCzL
Guinea Bissau,BUWONDENA,7/5/2022,(05) MAY 2022,10687,USD,0.68,USD,7213.77,a1Rt0000005TCzQ
Guinea Bissau,BUWONDENA,9/5/2022,(05) MAY 2022,19414,USD,0.68,USD,13104.53,a1Rt0000005TCzV
Guinea Bissau,BUWONDENA,11/5/2022,(05) MAY 2022,3031,USD,0.68,USD,2045.94,a1Rt0000005TCza
Guinea Bissau,BALANTA CUNDA,5/5/2022,(05) MAY 2022,6495,USD,0.68,USD,4384.15,a1Rt0000005TCzf
Guinea Bissau,BALANTA CUNDA,8/5/2022,(05) MAY 2022,6200,USD,0.68,USD,4185.03,a1Rt0000005TCzk
Guinea Bissau,BALANTA CUNDA,10/5/2022,(05) MAY 2022,5365,USD,0.68,USD,3621.4,a1Rt0000005TCzp
Guinea Bissau,BALANTA CUNDA,11/5/2022,(05) MAY 2022,5500,USD,0.68,USD,3712.52,a1Rt0000005TCzu
Gambia,FBCFCS - FONI,12/5/2022,(05) MAY 2022,917.2,USD,1.33,USD,1217.35,a1Rt0000005TD6C
Gambia,FBCFCS - FONI,13/05/2022,(05) MAY 2022,1309.9,USD,1.33,USD,1738.56,a1Rt0000005TD6D
Gambia,FBCFCS - FONI,14/05/2022,(05) MAY 2022,776.8,USD,1.31,USD,1015.84,a1Rt0000005TD75
Gambia,FBCFCS - FONI,14/05/2022,(05) MAY 2022,1233.3,USD,1.31,USD,1612.82,a1Rt0000005TD76
Gambia,KWCFCS - KIANG,23/04/2022,(04) APR 2022,3349.6,USD,1.17,USD,3922.71,a1Rt0000005TDBq
Gambia,KWCFCS - KIANG,24/04/2022,(04) APR 2022,908.8,USD,1.17,USD,1064.29,a1Rt0000005TDC0
Gambia,KWCFCS - KIANG,25/04/2022,(04) APR 2022,2180.3,USD,1.17,USD,2553.35,a1Rt0000005TDC1
Gambia,KWCFCS - KIANG,26/04/2022,(04) APR 2022,3716.8,USD,1.17,USD,4352.74,a1Rt0000005TDC2
Gambia,KWCFCS - KIANG,27/04/2022,(04) APR 2022,1408,USD,1.17,USD,1648.91,a1Rt0000005TDC5
Gambia,KWCFCS - KIANG,28/04/2022,(04) APR 2022,429.8,USD,1.17,USD,503.34,a1Rt0000005TDC6
Gambia,NCFPCS - NATAL,4/4/2022,(04) APR 2022,166,USD,1.17,USD,194.4,a1Rt0000005TDQq
Gambia,NCFPCS - NATAL,5/4/2022,(04) APR 2022,175,USD,1.17,USD,204.94,a1Rt0000005TDQr
Gambia,NCFPCS - NATAL,24/04/2022,(04) APR 2022,248,USD,1.17,USD,290.43,a1Rt0000005TDQs
Gambia,NCFPCS - NATAL,27/04/2022,(04) APR 2022,206,USD,1.17,USD,241.25,a1Rt0000005TDQt
Gambia,NCFPCS - NATAL,27/04/2022,(04) APR 2022,351,USD,1.17,USD,411.06,a1Rt0000005TDQu
Gambia,NCFPCS - NATAL,21/04/2022,(04) APR 2022,166,USD,1.17,USD,194.4,a1Rt0000005TDQv
Gambia,NCFPCS - NATAL,21/04/2022,(04) APR 2022,175,USD,1.17,USD,204.94,a1Rt0000005TDQw
Gambia,NCFPCS - NATAL,22/04/2022,(04) APR 2022,248,USD,1.17,USD,290.43,a1Rt0000005TDQx
Gambia,NCFPCS - NATAL,22/04/2022,(04) APR 2022,206,USD,1.17,USD,241.25,a1Rt0000005TDQy
Gambia,NCFPCS - NATAL,22/04/2022,(04) APR 2022,351,USD,1.17,USD,411.06,a1Rt0000005TDQz
Gambia,NCFPCS - NATAL,23/04/2022,(04) APR 2022,169,USD,1.17,USD,197.92,a1Rt0000005TDR0
Gambia,NCFPCS - NATAL,23/04/2022,(04) APR 2022,123,USD,1.27,USD,156.05,a1Rt0000005TDR1
Gambia,NCFPCS - NATAL,24/04/2022,(04) APR 2022,70,USD,1.27,USD,88.81,a1Rt0000005TDR2
Gambia,NCFPCS - NATAL,24/04/2022,(04) APR 2022,526,USD,1.27,USD,667.33,a1Rt0000005TDR3
Gambia,NCFPCS - NATAL,25/04/2022,(04) APR 2022,217,USD,1.27,USD,275.31,a1Rt0000005TDR4
Gambia,NCFPCS - NATAL,6/5/2022,(05) MAY 2022,67,USD,1.27,USD,85,a1Rt0000005TDR5
Gambia,NCFPCS - NATAL,3/5/2022,(05) MAY 2022,116,USD,1.27,USD,147.17,a1Rt0000005TDR6
Gambia,NCFPCS - NATAL,27/04/2022,(04) APR 2022,130,USD,1.27,USD,164.93,a1Rt0000005TDR7
Gambia,NCFPCS - NATAL,29/04/2022,(04) APR 2022,170,USD,1.27,USD,215.68,a1Rt0000005TDR8
Gambia,NCFPCS - NATAL,1/5/2022,(05) MAY 2022,111,USD,1.27,USD,140.82,a1Rt0000005TDR9
Gambia,NCFPCS - NATAL,2/5/2022,(05) MAY 2022,81,USD,1.27,USD,102.76,a1Rt0000005TDRA
Gambia,NCFPCS - NATAL,1/5/2022,(05) MAY 2022,32,USD,1.27,USD,40.6,a1Rt0000005TDRB
Gambia,NCFPCS - NATAL,3/5/2022,(05) MAY 2022,568,USD,1.27,USD,720.62,a1Rt0000005TDRC
Guinea Bissau,AGRO-BIGENE COOABI,13/04/2022,(04) APR 2022,95000,USD,0.68,USD,64125.41,a1Rt0000005TDXk
Guinea Bissau,AGRO-BIGENE COOABI,13/04/2022,(04) APR 2022,71000,USD,0.68,USD,47925.3,a1Rt0000005TDXp
Guinea Bissau,AGRO-BIGENE COOABI,13/04/2022,(04) APR 2022,445000,USD,0.68,USD,300376.9,a1Rt0000005TDXu
Gambia,KWCFCS - KIANG,7/5/2022,(05) MAY 2022,1271,USD,1.17,USD,1488.47,a1Rt0000005TDmn
Gambia,KWCFCS - KIANG,8/5/2022,(05) MAY 2022,1643.2,USD,1.23,USD,2020.57,a1Rt0000005TDms
Gambia,KWCFCS - KIANG,12/5/2022,(05) MAY 2022,884.4,USD,1.23,USD,1087.51,a1Rt0000005TDmx
Gambia,KWCFCS - KIANG,13/05/2022,(05) MAY 2022,1535.05,USD,1.23,USD,1887.58,a1Rt0000005TDmy
Gambia,FBCFCS - FONI,13/05/2022,(05) MAY 2022,730.4,USD,1.33,USD,969.42,a1Rt0000005TDqL
Gambia,FBCFCS - FONI,15/05/2022,(05) MAY 2022,1268.32,USD,1.31,USD,1658.62,a1Rt0000005TDqM
Gambia,FBCFCS - FONI,14/05/2022,(05) MAY 2022,624,USD,1.31,USD,816.02,a1Rt0000005TDs2
Gambia,FBCFCS - FONI,16/05/2022,(05) MAY 2022,1032.3,USD,1.31,USD,1349.97,a1Rt0000005TDs3
Gambia,FBCFCS - FONI,18/05/2022,(05) MAY 2022,680.1,USD,1.27,USD,862.84,a1Rt0000005TDs4
Guinea Bissau,BUWONDENA,14/05/2022,(05) MAY 2022,11856,USD,0.86,USD,10136.94,a1Rt0000005TDvu
Guinea Bissau,BUWONDENA,15/05/2022,(05) MAY 2022,10401,USD,0.86,USD,8892.91,a1Rt0000005TDvz
Guinea Bissau,BUWONDENA,17/05/2022,(05) MAY 2022,13758,USD,0.86,USD,11763.16,a1Rt0000005TDw4
Gambia,FBCFCS - FONI,19/05/2022,(05) MAY 2022,1439.3,USD,1.27,USD,1826.02,a1Rt0000005TE0f
Gambia,FBCFCS - FONI,14/05/2022,(05) MAY 2022,1233.3,USD,1.31,USD,1612.82,a1Rt0000005TE0p
Gambia,FBCFCS - FONI,13/05/2022,(05) MAY 2022,1309.9,USD,1.33,USD,1738.56,a1Rt0000005TE0u
Gambia,FBCFCS - FONI,15/05/2022,(05) MAY 2022,576,USD,1.31,USD,753.25,a1Rt0000005TE0z
Gambia,FBCFCS - FONI,12/5/2022,(05) MAY 2022,586,USD,1.33,USD,777.77,a1Rt0000005TE14
Gambia,FBCFCS - FONI,17/05/2022,(05) MAY 2022,561,USD,1.21,USD,678.89,a1Rt0000005TE1E
Gambia,FBCFCS - FONI,17/05/2022,(05) MAY 2022,450,USD,1.27,USD,570.91,a1Rt0000005TE1J
Gambia,FBCFCS - FONI,20/05/2022,(05) MAY 2022,685.4,USD,1.27,USD,869.56,a1Rt0000005TE1T
Guinea Bissau,BALANTA CUNDA,14/05/2022,(05) MAY 2022,11147.5,USD,0.9,USD,10032.81,a1Rt0000005TE2q
Guinea Bissau,BALANTA CUNDA,17/05/2022,(05) MAY 2022,5853,USD,0.9,USD,5267.73,a1Rt0000005TE2v
Guinea Bissau,BUWONDENA,20/05/2022,(05) MAY 2022,9292,USD,0.86,USD,7944.71,a1Rt0000005TE4m
Gambia,KWCFCS - KIANG,22/04/2022,(04) APR 2022,1012,USD,1.27,USD,1283.91,a1Rt0000005TECW
Gambia,KWCFCS - KIANG,23/04/2022,(04) APR 2022,1944,USD,1.27,USD,2466.33,a1Rt0000005TECb
Gambia,KWCFCS - KIANG,24/04/2022,(04) APR 2022,617,USD,1.27,USD,782.78,a1Rt0000005TECg
Gambia,KWCFCS - KIANG,26/04/2022,(04) APR 2022,2279,USD,1.21,USD,2757.9,a1Rt0000005TECl
Gambia,KWCFCS - KIANG,27/04/2022,(04) APR 2022,509,USD,1.27,USD,645.76,a1Rt0000005TECq
Gambia,KWCFCS - KIANG,7/5/2022,(05) MAY 2022,1389.5,USD,1.27,USD,1762.84,a1Rt0000005TECv
Gambia,KWCFCS - KIANG,8/5/2022,(05) MAY 2022,179,USD,1.27,USD,227.1,a1Rt0000005TED0
Gambia,KWCFCS - KIANG,8/5/2022,(05) MAY 2022,1453,USD,1.27,USD,1843.41,a1Rt0000005TED1
Guinea Bissau,BUWONDENA,2/5/2022,(05) MAY 2022,8243,USD,0.86,USD,7047.81,a1Rt0000005TEON
Guinea Bissau,BUWONDENA,6/5/2022,(05) MAY 2022,15725,USD,0.86,USD,13444.96,a1Rt0000005TEOS
Guinea Bissau,BUWONDENA,11/5/2022,(05) MAY 2022,23118,USD,0.86,USD,19766.02,a1Rt0000005TEOX
Guinea Bissau,BUWONDENA,16/05/2022,(05) MAY 2022,21625,USD,0.86,USD,18489.49,a1Rt0000005TEOc
Guinea Bissau,BUWONDENA,18/05/2022,(05) MAY 2022,20600,USD,0.86,USD,17613.11,a1Rt0000005TEOh
Guinea Bissau,BUWONDENA,20/05/2022,(05) MAY 2022,25800,USD,0.86,USD,22059.14,a1Rt0000005TEOm
Guinea Bissau,BUWONDENA,21/05/2022,(05) MAY 2022,12875,USD,0.86,USD,11008.19,a1Rt0000005TEOr
Guinea Bissau,AGRO-BIGENE COOABI,13/04/2022,(04) APR 2022,554000,USD,0.68,USD,373952.37,a1Rt0000005TEhe
Guinea Bissau,CONGAI,11/5/2022,(05) MAY 2022,9865,USD,0.68,USD,6658.92,a1Rt0000005TEjV
Guinea Bissau,CONGAI,11/5/2022,(05) MAY 2022,10678,USD,0.68,USD,7207.7,a1Rt0000005TEjW
Guinea Bissau,CONGAI,6/5/2022,(05) MAY 2022,6800,USD,0.68,USD,4590.03,a1Rt0000005TEja
Guinea Bissau,CONGAI,7/5/2022,(05) MAY 2022,9090,USD,0.68,USD,6135.79,a1Rt0000005TEjf
Guinea Bissau,CONGAI,9/5/2022,(05) MAY 2022,3643,USD,0.68,USD,2459.04,a1Rt0000005TEjk
Guinea Bissau,CONGAI,9/5/2022,(05) MAY 2022,7075,USD,0.64,USD,4546.42,a1Rt0000005TEjl
Guinea Bissau,CONGAI,16/05/2022,(05) MAY 2022,5991,USD,0.68,USD,4043.95,a1Rt0000005TEjp
Guinea Bissau,CONGAI,16/05/2022,(05) MAY 2022,12683,USD,0.68,USD,8561.08,a1Rt0000005TEjq
Guinea Bissau,CONGAI,14/05/2022,(05) MAY 2022,10960,USD,0.68,USD,7398.05,a1Rt0000005TEju
Guinea Bissau,CONGAI,14/05/2022,(05) MAY 2022,8070,USD,0.68,USD,5447.28,a1Rt0000005TEjv
Guinea Bissau,CONGAI,20/05/2022,(05) MAY 2022,3965,USD,0.68,USD,2676.39,a1Rt0000005TEjz
Guinea Bissau,CONGAI,20/05/2022,(05) MAY 2022,4568,USD,0.68,USD,3083.42,a1Rt0000005TEk0
Guinea Bissau,CONGAI,22/05/2022,(05) MAY 2022,10980,USD,0.72,USD,7905.65,a1Rt0000005TEk4
Guinea Bissau,CONGAI,22/05/2022,(05) MAY 2022,10900,USD,0.72,USD,7848.05,a1Rt0000005TEk5
Guinea Bissau,N'DELUGAN,20/05/2022,(05) MAY 2022,17470,USD,0.81,USD,14150.79,a1Rt0000005TEkh
Guinea Bissau,N'DELUGAN,22/04/2022,(04) APR 2022,12135,USD,0.68,USD,8191.18,a1Rt0000005TEkm
Guinea Bissau,N'DELUGAN,29/04/2022,(04) APR 2022,17325,USD,0.68,USD,11694.45,a1Rt0000005TEkr
Guinea Bissau,N'DELUGAN,14/05/2022,(05) MAY 2022,11360,USD,0.81,USD,9201.66,a1Rt0000005TEkw
Guinea Bissau,N'DELUGAN,13/05/2022,(05) MAY 2022,13135,USD,0.81,USD,10639.42,a1Rt0000005TEkx
Guinea Bissau,N'DELUGAN,22/05/2022,(05) MAY 2022,28475,USD,0.9,USD,25627.66,a1Rt0000005TEl1
Guinea Bissau,N'DELUGAN,6/5/2022,(05) MAY 2022,31235,USD,0.81,USD,25300.51,a1Rt0000005TEl6
Guinea Bissau,N'DELUGAN,20/05/2022,(05) MAY 2022,16325,USD,0.9,USD,14692.59,a1Rt0000005TElB
Guinea Bissau,N'DELUGAN,6/5/2022,(05) MAY 2022,21375,USD,0.81,USD,17313.86,a1Rt0000005TElG
Guinea Bissau,N'DELUGAN,29/04/2022,(04) APR 2022,16425,USD,0.68,USD,11086.95,a1Rt0000005TElL
Guinea Bissau,N'DELUGAN,22/04/2022,(04) APR 2022,8750,USD,0.68,USD,5906.29,a1Rt0000005TElQ
Guinea Bissau,N'DELUGAN,13/05/2022,(05) MAY 2022,23475,USD,0.81,USD,19014.87,a1Rt0000005TElV
Guinea Bissau,N'DELUGAN,6/5/2022,(05) MAY 2022,72125,USD,0.81,USD,58421.62,a1Rt0000005TEla
Guinea Bissau,N'DELUGAN,27/04/2022,(04) APR 2022,32875,USD,0.68,USD,22190.77,a1Rt0000005TElf
Guinea Bissau,N'DELUGAN,22/05/2022,(05) MAY 2022,16325,USD,0.9,USD,14692.59,a1Rt0000005TElk
Guinea Bissau,N'DELUGAN,18/05/2022,(05) MAY 2022,13235,USD,0.81,USD,10720.42,a1Rt0000005TElp
Guinea Bissau,N'DELUGAN,14/05/2022,(05) MAY 2022,28345,USD,0.81,USD,22959.6,a1Rt0000005TElu
Guinea Bissau,N'DELUGAN,7/5/2022,(05) MAY 2022,35125,USD,0.81,USD,28451.43,a1Rt0000005TElz
Guinea Bissau,N'DELUGAN,30/04/2022,(04) APR 2022,22425,USD,0.68,USD,15136.97,a1Rt0000005TEm4
Guinea Bissau,N'DELUGAN,23/04/2022,(04) APR 2022,17675,USD,0.68,USD,11930.7,a1Rt0000005TEm9
Guinea Bissau,N'DELUGAN,18/04/2022,(04) APR 2022,8725,USD,0.68,USD,5889.41,a1Rt0000005TEmE
Guinea Bissau,N'DELUGAN,28/04/2022,(04) APR 2022,17625,USD,0.68,USD,11896.95,a1Rt0000005TEmF
Guinea Bissau,N'DELUGAN,22/05/2022,(05) MAY 2022,32650,USD,0.9,USD,29385.19,a1Rt0000005TEmJ
Guinea Bissau,N'DELUGAN,16/05/2022,(05) MAY 2022,7125,USD,0.81,USD,5771.29,a1Rt0000005TEmO
Guinea Bissau,N'DELUGAN,7/5/2022,(05) MAY 2022,16750,USD,0.81,USD,13567.59,a1Rt0000005TEmT
Guinea Bissau,N'DELUGAN,3/5/2022,(05) MAY 2022,23450,USD,0.68,USD,15828.85,a1Rt0000005TEmY
Guinea Bissau,N'DELUGAN,27/04/2022,(04) APR 2022,12235,USD,0.68,USD,8258.68,a1Rt0000005TEmd
Guinea Bissau,N'DELUGAN,23/04/2022,(04) APR 2022,20000,USD,0.68,USD,13500.09,a1Rt0000005TEmi
Guinea Bissau,N'DELUGAN,23/05/2022,(05) MAY 2022,72835,USD,0.81,USD,58996.72,a1Rt0000005TEmn
Guinea Bissau,N'DELUGAN,18/05/2022,(05) MAY 2022,46325,USD,0.81,USD,37523.49,a1Rt0000005TEms
Guinea Bissau,N'DELUGAN,11/5/2022,(05) MAY 2022,32425,USD,0.81,USD,26264.42,a1Rt0000005TEmx
Guinea Bissau,N'DELUGAN,4/5/2022,(05) MAY 2022,21315,USD,0.68,USD,14387.72,a1Rt0000005TEn2
Guinea Bissau,N'DELUGAN,27/04/2022,(04) APR 2022,19125,USD,0.68,USD,12909.46,a1Rt0000005TEn7
Guinea Bissau,N'DELUGAN,20/04/2022,(04) APR 2022,12135,USD,0.68,USD,8191.18,a1Rt0000005TEnC
Guinea Bissau,N'DELUGAN,22/05/2022,(05) MAY 2022,72145,USD,0.9,USD,64930.91,a1Rt0000005TEnH
Guinea Bissau,N'DELUGAN,17/05/2022,(05) MAY 2022,62325,USD,0.81,USD,50483.57,a1Rt0000005TEnM
Guinea Bissau,N'DELUGAN,10/5/2022,(05) MAY 2022,12485,USD,0.81,USD,10112.91,a1Rt0000005TEnR
Guinea Bissau,N'DELUGAN,3/5/2022,(05) MAY 2022,26375,USD,0.81,USD,21363.89,a1Rt0000005TEnW
Guinea Bissau,N'DELUGAN,21/04/2022,(04) APR 2022,9775,USD,0.63,USD,6158.29,a1Rt0000005TEnb
Gambia,FBCFCS - FONI,23/05/2022,(05) MAY 2022,611.5,USD,1.21,USD,740,a1Rt0000005TEyV
Guinea Bissau,BUWONDENA,20/05/2022,(05) MAY 2022,14375,USD,0.86,USD,12290.7,a1Rt0000005TF0l
Guinea Bissau,BUWONDENA,22/05/2022,(05) MAY 2022,32364,USD,0.86,USD,27671.4,a1Rt0000005TF0q
Guinea Bissau,CONGAI,14/05/2022,(05) MAY 2022,10806,USD,0.68,USD,7294.1,a1Rt0000005TF1F
Guinea Bissau,CONGAI,14/05/2022,(05) MAY 2022,12092,USD,0.68,USD,8162.15,a1Rt0000005TF1G
Guinea Bissau,CONGAI,16/05/2022,(05) MAY 2022,11009,USD,0.68,USD,7431.12,a1Rt0000005TF1K
Guinea Bissau,CONGAI,18/05/2022,(05) MAY 2022,9154,USD,0.72,USD,6590.92,a1Rt0000005TF1P
Guinea Bissau,CONGAI,18/05/2022,(05) MAY 2022,10987,USD,0.72,USD,7910.69,a1Rt0000005TF1Q
Guinea Bissau,CONGAI,19/05/2022,(05) MAY 2022,14045,USD,0.72,USD,10112.46,a1Rt0000005TF1U
Guinea Bissau,CONGAI,20/05/2022,(05) MAY 2022,17862,USD,0.72,USD,12860.72,a1Rt0000005TF1Z
Guinea Bissau,CONGAI,21/05/2022,(05) MAY 2022,5976,USD,0.72,USD,4302.75,a1Rt0000005TF1e
Guinea Bissau,CONGAI,22/05/2022,(05) MAY 2022,16789,USD,0.72,USD,12088.16,a1Rt0000005TF1j
Guinea Bissau,CONGAI,23/05/2022,(05) MAY 2022,20655,USD,0.72,USD,14871.69,a1Rt0000005TF1o
Guinea Bissau,CONGAI,4/5/2022,(05) MAY 2022,4350,USD,0.68,USD,2936.27,a1Rt0000005TF7D
Guinea Bissau,CONGAI,4/5/2022,(05) MAY 2022,6788,USD,0.68,USD,4581.93,a1Rt0000005TF7E
Guinea Bissau,CONGAI,7/5/2022,(05) MAY 2022,5492,USD,0.68,USD,3707.12,a1Rt0000005TF7I
Guinea Bissau,CONGAI,7/5/2022,(05) MAY 2022,9663,USD,0.68,USD,6522.57,a1Rt0000005TF7J
Guinea Bissau,CONGAI,12/5/2022,(05) MAY 2022,7780,USD,0.68,USD,5251.53,a1Rt0000005TF7N
Guinea Bissau,CONGAI,12/5/2022,(05) MAY 2022,3894,USD,0.68,USD,2628.47,a1Rt0000005TF7O
Guinea Bissau,CONGAI,15/05/2022,(05) MAY 2022,8769,USD,0.68,USD,5919.11,a1Rt0000005TF7S
Guinea Bissau,CONGAI,17/05/2022,(05) MAY 2022,9732,USD,0.68,USD,6569.14,a1Rt0000005TF7X
Guinea Bissau,CONGAI,18/05/2022,(05) MAY 2022,15970,USD,0.68,USD,10779.82,a1Rt0000005TF7c
Guinea Bissau,CONGAI,20/05/2022,(05) MAY 2022,9765,USD,0.72,USD,7030.84,a1Rt0000005TF7h
Guinea Bissau,CONGAI,21/05/2022,(05) MAY 2022,11015,USD,0.72,USD,7930.85,a1Rt0000005TF7m
Guinea Bissau,CONGAI,22/05/2022,(05) MAY 2022,20989,USD,0.72,USD,15112.18,a1Rt0000005TF7r
Guinea Bissau,CONGAI,23/05/2022,(05) MAY 2022,10060,USD,0.72,USD,7243.25,a1Rt0000005TF7w
Guinea Bissau,N'DELUGAN,14/05/2022,(05) MAY 2022,10950,USD,0.81,USD,8869.56,a1Rt0000005TF81
Gambia,FBCFCS - FONI,25/05/2022,(05) MAY 2022,116.5,USD,1.21,USD,140.98,a1Rt0000005TFCw
Guinea Bissau,BUWONDENA,24/05/2022,(05) MAY 2022,13773,USD,0.86,USD,11775.99,a1Rt0000005TFIG
Guinea Bissau,OPRO,21/05/2022,(05) MAY 2022,30724,USD,0.68,USD,20738.83,a1Rt0000005TFJ9
Guinea Bissau,OPRO,21/05/2022,(05) MAY 2022,32049,USD,0.68,USD,21633.21,a1Rt0000005TFJA
Guinea Bissau,OPRO,23/05/2022,(05) MAY 2022,32104,USD,0.68,USD,21670.34,a1Rt0000005TFJB
Guinea Bissau,OPRO,20/05/2022,(05) MAY 2022,32123,USD,0.68,USD,21683.16,a1Rt0000005TFJE
Guinea Bissau,OPRO,20/05/2022,(05) MAY 2022,31869,USD,0.68,USD,21511.71,a1Rt0000005TFJF
Guinea Bissau,OPRO,23/05/2022,(05) MAY 2022,20083,USD,0.72,USD,14459.85,a1Rt0000005TFJG
Guinea Bissau,OPRO,23/05/2022,(05) MAY 2022,19847,USD,0.72,USD,14289.93,a1Rt0000005TFJJ
Gambia,NCFPCS - NATAL,23/05/2022,(05) MAY 2022,89,USD,1.37,USD,121.6,a1Rt0000005TFNQ
Gambia,NCFPCS - NATAL,23/05/2022,(05) MAY 2022,226,USD,1.21,USD,273.49,a1Rt0000005TFNR
Gambia,NCFPCS - NATAL,23/05/2022,(05) MAY 2022,70,USD,1.37,USD,95.64,a1Rt0000005TFNS
Gambia,NCFPCS - NATAL,23/05/2022,(05) MAY 2022,90,USD,1.21,USD,108.91,a1Rt0000005TFNT
Gambia,NCFPCS - NATAL,23/05/2022,(05) MAY 2022,20,USD,1.17,USD,23.42,a1Rt0000005TFNU
Gambia,NCFPCS - NATAL,23/05/2022,(05) MAY 2022,700,USD,1.17,USD,819.77,a1Rt0000005TFNV
Gambia,NCFPCS - NATAL,23/05/2022,(05) MAY 2022,600,USD,1.17,USD,702.66,a1Rt0000005TFNW
Gambia,NCFPCS - NATAL,23/05/2022,(05) MAY 2022,300,USD,1.17,USD,351.33,a1Rt0000005TFNX
Gambia,NCFPCS - NATAL,23/05/2022,(05) MAY 2022,250,USD,1.17,USD,292.77,a1Rt0000005TFNY
Gambia,NCFPCS - NATAL,23/05/2022,(05) MAY 2022,100,USD,1.07,USD,107.35,a1Rt0000005TFNZ
Gambia,NCFPCS - NATAL,17/05/2022,(05) MAY 2022,309,USD,1.37,USD,422.18,a1Rt0000005TFNa
Gambia,NCFPCS - NATAL,18/05/2022,(05) MAY 2022,643,USD,1.37,USD,878.52,a1Rt0000005TFNb
Gambia,NCFPCS - NATAL,23/05/2022,(05) MAY 2022,200,USD,1.27,USD,253.74,a1Rt0000005TFNc
Gambia,NCFPCS - NATAL,23/05/2022,(05) MAY 2022,414,USD,1.27,USD,525.24,a1Rt0000005TFNd
Gambia,NCFPCS - NATAL,23/05/2022,(05) MAY 2022,700,USD,1.17,USD,819.77,a1Rt0000005TFNe
Gambia,NCFPCS - NATAL,23/05/2022,(05) MAY 2022,800,USD,1.27,USD,1014.95,a1Rt0000005TFNf
Gambia,NCFPCS - NATAL,5/5/2022,(05) MAY 2022,300,USD,1.27,USD,380.61,a1Rt0000005TFNg
Gambia,NCFPCS - NATAL,2/5/2022,(05) MAY 2022,500,USD,1.27,USD,634.34,a1Rt0000005TFNh
Gambia,NCFPCS - NATAL,2/5/2022,(05) MAY 2022,80,USD,1.37,USD,109.3,a1Rt0000005TFNi
Gambia,NCFPCS - NATAL,6/5/2022,(05) MAY 2022,300,USD,1.37,USD,409.88,a1Rt0000005TFNj
Gambia,FBCFCS - FONI,27/05/2022,(05) MAY 2022,600.7,USD,1.21,USD,726.93,a1Rt0000005TFOE
Senegal,CPA COUMBACARA,5/5/2022,(05) MAY 2022,7000,USD,0.77,USD,5355.03,a1Rt0000005TFOO
Senegal,CPA COUMBACARA,7/5/2022,(05) MAY 2022,8000,USD,0.95,USD,7560.05,a1Rt0000005TFOP
Senegal,CPA COUMBACARA,9/5/2022,(05) MAY 2022,10000,USD,1.13,USD,11250.07,a1Rt0000005TFOQ
Senegal,CPA COUMBACARA,10/5/2022,(05) MAY 2022,6000,USD,1.22,USD,7290.05,a1Rt0000005TFOR
Senegal,CPA COUMBACARA,7/5/2022,(05) MAY 2022,19000,USD,0.95,USD,17955.11,a1Rt0000005TFOT
Senegal,CPA COUMBACARA,15/05/2022,(05) MAY 2022,21000,USD,1.13,USD,23625.15,a1Rt0000005TFOU
Senegal,CPA COUMBACARA,22/05/2022,(05) MAY 2022,24000,USD,0.95,USD,22680.14,a1Rt0000005TFOV
Gambia,FBCFCS - FONI,27/05/2022,(05) MAY 2022,334.1,USD,1.21,USD,404.31,a1Rt0000005TFOd
Guinea Bissau,BALANTA CUNDA,21/05/2022,(05) MAY 2022,7705,USD,0.9,USD,6934.54,a1Rt0000005TFOi
Guinea Bissau,BALANTA CUNDA,23/05/2022,(05) MAY 2022,9978,USD,0.9,USD,8980.26,a1Rt0000005TFOn
Guinea Bissau,BALANTA CUNDA,24/05/2022,(05) MAY 2022,10135,USD,0.9,USD,9121.56,a1Rt0000005TFOs
Guinea Bissau,BALANTA CUNDA,25/05/2022,(05) MAY 2022,8846,USD,0.9,USD,7961.45,a1Rt0000005TFOx
Guinea Bissau,BUWONDENA,23/05/2022,(05) MAY 2022,18335,USD,0.86,USD,15676.52,a1Rt0000005TFP2
Guinea Bissau,BUWONDENA,24/05/2022,(05) MAY 2022,13773,USD,0.86,USD,11775.99,a1Rt0000005TFP3
Guinea Bissau,BUWONDENA,25/05/2022,(05) MAY 2022,14446,USD,0.86,USD,12351.41,a1Rt0000005TFP7
Guinea Bissau,BUWONDENA,24/05/2022,(05) MAY 2022,21388,USD,0.86,USD,18286.86,a1Rt0000005TFPC
Guinea Bissau,BUWONDENA,25/05/2022,(05) MAY 2022,23159,USD,0.86,USD,19801.07,a1Rt0000005TFPH
Gambia,NCFPCS - NATAL,25/05/2022,(05) MAY 2022,90,USD,1.37,USD,122.97,a1Rt0000005TFZH
Gambia,NCFPCS - NATAL,25/05/2022,(05) MAY 2022,100,USD,1.37,USD,136.63,a1Rt0000005TFZI
Gambia,NCFPCS - NATAL,25/05/2022,(05) MAY 2022,286,USD,1.37,USD,390.76,a1Rt0000005TFZJ
Gambia,NCFPCS - NATAL,25/05/2022,(05) MAY 2022,300,USD,1.37,USD,409.88,a1Rt0000005TFZK
Gambia,NCFPCS - NATAL,25/05/2022,(05) MAY 2022,2500,USD,1.17,USD,2927.75,a1Rt0000005TFZL
Gambia,NCFPCS - NATAL,25/05/2022,(05) MAY 2022,340,USD,1.17,USD,398.17,a1Rt0000005TFZM
Gambia,NCFPCS - NATAL,25/05/2022,(05) MAY 2022,787,USD,1.37,USD,1075.26,a1Rt0000005TFZN
Gambia,NCFPCS - NATAL,25/05/2022,(05) MAY 2022,200,USD,1.37,USD,273.26,a1Rt0000005TFZO
Gambia,NCFPCS - NATAL,25/05/2022,(05) MAY 2022,65,USD,1.27,USD,82.46,a1Rt0000005TFZP
Gambia,NCFPCS - NATAL,25/05/2022,(05) MAY 2022,60,USD,0.98,USD,58.55,a1Rt0000005TFZQ
Gambia,NCFPCS - NATAL,2/5/2022,(05) MAY 2022,100,USD,1.37,USD,136.63,a1Rt0000005TFZW
Gambia,NCFPCS - NATAL,2/5/2022,(05) MAY 2022,60,USD,1.37,USD,81.98,a1Rt0000005TFZX
Gambia,NCFPCS - NATAL,8/5/2022,(05) MAY 2022,120,USD,1.37,USD,163.95,a1Rt0000005TFZY
Gambia,NCFPCS - NATAL,7/5/2022,(05) MAY 2022,1000,USD,1.37,USD,1366.28,a1Rt0000005TFZZ
Gambia,NCFPCS - NATAL,2/5/2022,(05) MAY 2022,150,USD,1.17,USD,175.66,a1Rt0000005TFZa
Gambia,NCFPCS - NATAL,2/5/2022,(05) MAY 2022,900,USD,1.27,USD,1141.82,a1Rt0000005TFZb
Gambia,NCFPCS - NATAL,5/5/2022,(05) MAY 2022,120,USD,1.17,USD,140.53,a1Rt0000005TFZc
Gambia,NCFPCS - NATAL,5/5/2022,(05) MAY 2022,170,USD,1.27,USD,215.68,a1Rt0000005TFZd
Gambia,NCFPCS - NATAL,4/5/2022,(05) MAY 2022,500,USD,1.27,USD,634.34,a1Rt0000005TFZe
Gambia,NCFPCS - NATAL,1/5/2022,(05) MAY 2022,40,USD,1.17,USD,46.84,a1Rt0000005TFZf
Gambia,NCFPCS - NATAL,26/05/2022,(05) MAY 2022,260,USD,1.27,USD,329.86,a1Rt0000005TFZg
Gambia,NCFPCS - NATAL,26/05/2022,(05) MAY 2022,240,USD,1.17,USD,281.06,a1Rt0000005TFZh
Gambia,NCFPCS - NATAL,26/05/2022,(05) MAY 2022,200,USD,1.17,USD,234.22,a1Rt0000005TFZi
Gambia,NCFPCS - NATAL,26/05/2022,(05) MAY 2022,100,USD,1.17,USD,117.11,a1Rt0000005TFZj
Gambia,NCFPCS - NATAL,26/05/2022,(05) MAY 2022,2500,USD,1.17,USD,2927.75,a1Rt0000005TFZk
Gambia,NCFPCS - NATAL,26/05/2022,(05) MAY 2022,400,USD,0.88,USD,351.33,a1Rt0000005TFZl
Gambia,NCFPCS - NATAL,26/05/2022,(05) MAY 2022,306,USD,1.27,USD,388.22,a1Rt0000005TFZm
Gambia,NCFPCS - NATAL,26/05/2022,(05) MAY 2022,3000,USD,0.98,USD,2927.75,a1Rt0000005TFZn
Guinea Bissau,AGRO-BIGENE COOABI,25/05/2022,(05) MAY 2022,1310000,USD,0.72,USD,943205.97,a1Rt0000005TFi9
Guinea Bissau,AGRO-BIGENE COOABI,26/05/2022,(05) MAY 2022,1051000,USD,0.72,USD,756724.79,a1Rt0000005TFiE
Guinea Bissau,AGRO-BIGENE COOABI,27/05/2022,(05) MAY 2022,1146000,USD,0.72,USD,825125.22,a1Rt0000005TFiJ
Guinea Bissau,AGRO-BIGENE COOABI,28/05/2022,(05) MAY 2022,1524000,USD,0.72,USD,1097286.94,a1Rt0000005TFiO
Gambia,KWCFCS - KIANG,11/5/2022,(05) MAY 2022,1368.7,USD,1.27,USD,1736.46,a1Rt0000005TFid
Gambia,KWCFCS - KIANG,12/5/2022,(05) MAY 2022,449.5,USD,1.27,USD,570.28,a1Rt0000005TFii
Gambia,KWCFCS - KIANG,13/05/2022,(05) MAY 2022,459.5,USD,1.27,USD,582.96,a1Rt0000005TFin
Guinea Bissau,CONGAI,24/05/2022,(05) MAY 2022,13897,USD,0.72,USD,10005.9,a1Rt0000005TFky
Guinea Bissau,CONGAI,25/05/2022,(05) MAY 2022,16080,USD,0.72,USD,11577.67,a1Rt0000005TFl3
Guinea Bissau,CONGAI,25/05/2022,(05) MAY 2022,8963,USD,0.72,USD,6453.4,a1Rt0000005TFl4
Guinea Bissau,CONGAI,26/05/2022,(05) MAY 2022,12698,USD,0.72,USD,9142.62,a1Rt0000005TFl8
Guinea Bissau,CONGAI,27/05/2022,(05) MAY 2022,22746,USD,0.72,USD,16377.22,a1Rt0000005TFlD
Guinea Bissau,CONGAI,29/05/2022,(05) MAY 2022,21215,USD,0.72,USD,15274.9,a1Rt0000005TFlI
Guinea Bissau,CONGAI,29/05/2022,(05) MAY 2022,13789,USD,0.72,USD,9928.14,a1Rt0000005TFlJ
Guinea Bissau,CONGAI,25/05/2022,(05) MAY 2022,10781,USD,0.72,USD,7762.37,a1Rt0000005TFmG
Guinea Bissau,CONGAI,24/05/2022,(05) MAY 2022,19386,USD,0.72,USD,13958.01,a1Rt0000005TFmV
Guinea Bissau,CONGAI,28/05/2022,(05) MAY 2022,15875,USD,0.72,USD,11430.07,a1Rt0000005TFmk
Guinea Bissau,CONGAI,24/05/2022,(05) MAY 2022,9382,USD,0.72,USD,6755.08,a1Rt0000005TFnY
Guinea Bissau,CONGAI,25/05/2022,(05) MAY 2022,10670,USD,0.72,USD,7682.45,a1Rt0000005TFnd
Guinea Bissau,CONGAI,26/05/2022,(05) MAY 2022,11983,USD,0.72,USD,8627.81,a1Rt0000005TFni
Guinea Bissau,CONGAI,27/05/2022,(05) MAY 2022,8990,USD,0.72,USD,6472.84,a1Rt0000005TFnn
Gambia,FBCFCS - FONI,29/05/2022,(05) MAY 2022,342.2,USD,1.21,USD,414.11,a1Rt0000005TFxD
Senegal,CPA COUMBACARA,28/05/2022,(05) MAY 2022,50000,USD,0.9,USD,45000.28,a1Rt0000005TGIQ
Senegal,CPA COUMBACARA,29/05/2022,(05) MAY 2022,30000,USD,0.95,USD,28350.18,a1Rt0000005TGIV
Guinea Bissau,N'DELUGAN,27/05/2022,(05) MAY 2022,135720,USD,0.9,USD,122148.77,a1Rt0000005TGIp
Guinea Bissau,N'DELUGAN,29/05/2022,(05) MAY 2022,148230,USD,0.9,USD,133407.84,a1Rt0000005TGIu
Guinea Bissau,N'DELUGAN,27/05/2022,(05) MAY 2022,90235,USD,0.9,USD,81212.01,a1Rt0000005TGIz
Guinea Bissau,N'DELUGAN,27/05/2022,(05) MAY 2022,93450,USD,0.9,USD,84105.53,a1Rt0000005TGJ0
Guinea Bissau,N'DELUGAN,29/05/2022,(05) MAY 2022,100000,USD,0.9,USD,90000.57,a1Rt0000005TGJ4
Guinea Bissau,N'DELUGAN,29/05/2022,(05) MAY 2022,105750,USD,0.9,USD,95175.6,a1Rt0000005TGJ9
Guinea Bissau,N'DELUGAN,27/05/2022,(05) MAY 2022,95875,USD,0.9,USD,86288.05,a1Rt0000005TGJE
Guinea Bissau,N'DELUGAN,29/05/2022,(05) MAY 2022,102750,USD,0.9,USD,92475.59,a1Rt0000005TGJJ
Guinea Bissau,N'DELUGAN,25/05/2022,(05) MAY 2022,86350,USD,0.9,USD,77715.49,a1Rt0000005TGJO
Guinea Bissau,N'DELUGAN,27/05/2022,(05) MAY 2022,98475,USD,0.9,USD,88628.06,a1Rt0000005TGJT
Guinea Bissau,N'DELUGAN,29/05/2022,(05) MAY 2022,110225,USD,0.9,USD,99203.13,a1Rt0000005TGJY
Guinea Bissau,N'DELUGAN,27/05/2022,(05) MAY 2022,98335,USD,0.9,USD,88502.06,a1Rt0000005TGJd
Guinea Bissau,N'DELUGAN,29/05/2022,(05) MAY 2022,100000,USD,0.9,USD,90000.57,a1Rt0000005TGJi
Guinea Bissau,N'DELUGAN,25/05/2022,(05) MAY 2022,102855,USD,0.9,USD,92570.09,a1Rt0000005TGJn
Guinea Bissau,N'DELUGAN,27/05/2022,(05) MAY 2022,96320,USD,0.9,USD,86688.55,a1Rt0000005TGJs
Guinea Bissau,N'DELUGAN,29/05/2022,(05) MAY 2022,95450,USD,0.9,USD,85905.54,a1Rt0000005TGJx
Guinea Bissau,N'DELUGAN,25/05/2022,(05) MAY 2022,120325,USD,0.9,USD,108293.19,a1Rt0000005TGK2
Guinea Bissau,N'DELUGAN,27/05/2022,(05) MAY 2022,110450,USD,0.9,USD,99405.63,a1Rt0000005TGK7
Guinea Bissau,N'DELUGAN,29/05/2022,(05) MAY 2022,90000,USD,0.9,USD,81000.51,a1Rt0000005TGK8
Senegal,BALUH-NA,26/04/2022,(04) APR 2022,15000,USD,0.72,USD,10800.07,a1Rt0000005TGKD
Senegal,BALUH-NA,30/04/2022,(04) APR 2022,12000,USD,0.72,USD,8640.05,a1Rt0000005TGKE
Senegal,BALUH-NA,19/05/2022,(05) MAY 2022,16000,USD,0.9,USD,14400.09,a1Rt0000005TGKF
Senegal,BALUH-NA,15/05/2022,(05) MAY 2022,20000,USD,0.9,USD,18000.11,a1Rt0000005TGKG
Senegal,BALUH-NA,20/04/2022,(04) APR 2022,16000,USD,0.72,USD,11520.07,a1Rt0000005TGKH
Senegal,BALUH-NA,26/04/2022,(04) APR 2022,18000,USD,0.72,USD,12960.08,a1Rt0000005TGKI
Senegal,BALUH-NA,30/04/2022,(04) APR 2022,21000,USD,0.81,USD,17010.11,a1Rt0000005TGKJ
Senegal,BALUH-NA,9/5/2022,(05) MAY 2022,17000,USD,0.9,USD,15300.1,a1Rt0000005TGKK
Senegal,BALUH-NA,15/05/2022,(05) MAY 2022,13000,USD,0.9,USD,11700.07,a1Rt0000005TGKL
Guinea Bissau,BUWONDENA,25/05/2022,(05) MAY 2022,3085,USD,0.81,USD,2498.87,a1Rt0000005TGXQ
Guinea Bissau,WAQUILARE,28/05/2022,(05) MAY 2022,27225.53,USD,0.81,USD,22052.82,a1Rt0000005TGXV
Gambia,FBCFCS - FONI,31/05/2022,(05) MAY 2022,348.3,USD,1.21,USD,421.49,a1Rt0000005TGZM
Senegal,BALUH-NA,30/04/2022,(04) APR 2022,8000,USD,0.81,USD,6480.04,a1Rt0000005TGel
Senegal,BALUH-NA,7/5/2022,(05) MAY 2022,12000,USD,0.9,USD,10800.07,a1Rt0000005TGem
Senegal,BALUH-NA,12/5/2022,(05) MAY 2022,17000,USD,0.9,USD,15300.1,a1Rt0000005TGen
Senegal,BALUH-NA,17/05/2022,(05) MAY 2022,21000,USD,0.9,USD,18900.12,a1Rt0000005TGeo
Senegal,BALUH-NA,23/05/2022,(05) MAY 2022,12000,USD,0.9,USD,10800.07,a1Rt0000005TGep
Senegal,BALUH-NA,21/05/2022,(05) MAY 2022,41000,USD,0.99,USD,40590.26,a1Rt0000005TGeq
Senegal,BALUH-NA,24/05/2022,(05) MAY 2022,30000,USD,1.08,USD,32400.21,a1Rt0000005TGer
Senegal,BALUH-NA,26/05/2022,(05) MAY 2022,23000,USD,0.99,USD,22770.14,a1Rt0000005TGes
Senegal,BALUH-NA,29/05/2022,(05) MAY 2022,42000,USD,1.08,USD,45360.29,a1Rt0000005TGet
Senegal,BALUH-NA,31/05/2022,(05) MAY 2022,28000,USD,0.99,USD,27720.18,a1Rt0000005TGeu
Senegal,BALUH-NA,1/5/2022,(05) MAY 2022,38000,USD,0.81,USD,30780.19,a1Rt0000005TGev
Senegal,BALUH-NA,5/5/2022,(05) MAY 2022,25000,USD,0.81,USD,20250.13,a1Rt0000005TGew
Senegal,BALUH-NA,8/5/2022,(05) MAY 2022,42000,USD,0.9,USD,37800.24,a1Rt0000005TGex
Senegal,BALUH-NA,12/5/2022,(05) MAY 2022,34000,USD,0.9,USD,30600.19,a1Rt0000005TGey
Senegal,BALUH-NA,18/05/2022,(05) MAY 2022,37000,USD,0.99,USD,36630.23,a1Rt0000005TGez
Senegal,BALUH-NA,18/04/2022,(04) APR 2022,42000,USD,0.72,USD,30240.19,a1Rt0000005TGf0
Senegal,BALUH-NA,20/04/2022,(04) APR 2022,35500,USD,0.72,USD,25560.16,a1Rt0000005TGf1
Senegal,BALUH-NA,23/04/2022,(04) APR 2022,43000,USD,0.72,USD,30960.2,a1Rt0000005TGf2
Senegal,BALUH-NA,25/04/2022,(04) APR 2022,35500,USD,0.72,USD,25560.16,a1Rt0000005TGf3
Senegal,BALUH-NA,28/04/2022,(04) APR 2022,34000,USD,0.81,USD,27540.17,a1Rt0000005TGf4
Guinea Bissau,BUWONDENA,28/05/2022,(05) MAY 2022,23861,USD,0.86,USD,20401.28,a1Rt0000005TGhp
Guinea Bissau,BUWONDENA,30/05/2022,(05) MAY 2022,22472,USD,0.86,USD,19213.68,a1Rt0000005TGhu
Guinea Bissau,BUWONDENA,1/6/2022,(06) JUN 2022,24149,USD,0.86,USD,20647.53,a1Rt0000005TGhz
Guinea Bissau,CONGAI,31/05/2022,(05) MAY 2022,18975,USD,0.72,USD,13662.09,a1Rt0000005TGij
Guinea Bissau,CONGAI,31/05/2022,(05) MAY 2022,19786,USD,0.72,USD,14246.01,a1Rt0000005TGk5
Guinea Bissau,CONGAI,31/05/2022,(05) MAY 2022,21614,USD,0.72,USD,15562.18,a1Rt0000005TGk6
Guinea Bissau,CONGAI,1/6/2022,(06) JUN 2022,35660,USD,0.81,USD,28884.78,a1Rt0000005TGkF
Guinea Bissau,CONGAI,2/6/2022,(06) JUN 2022,31940,USD,0.81,USD,25871.56,a1Rt0000005TGkK
Guinea Bissau,CONGAI,2/6/2022,(06) JUN 2022,36658,USD,0.81,USD,29693.17,a1Rt0000005TGkP
Guinea Bissau,CONGAI,2/6/2022,(06) JUN 2022,32689,USD,0.81,USD,26478.26,a1Rt0000005TGkV
Gambia,FBCFCS - FONI,2/6/2022,(06) JUN 2022,456.4,USD,1.21,USD,552.31,a1Rt0000005TGov
Guinea Bissau,CONGAI,30/05/2022,(05) MAY 2022,21786,USD,0.72,USD,15686.02,a1Rt0000005TGp0
Guinea Bissau,CONGAI,30/05/2022,(05) MAY 2022,23005,USD,0.72,USD,16563.7,a1Rt0000005TGp1
Guinea Bissau,CONGAI,30/05/2022,(05) MAY 2022,23780,USD,0.72,USD,17121.71,a1Rt0000005TGp5
Guinea Bissau,CONGAI,31/05/2022,(05) MAY 2022,34609,USD,0.72,USD,24918.64,a1Rt0000005TGpA
Guinea Bissau,CONGAI,31/05/2022,(05) MAY 2022,26348,USD,0.72,USD,18970.68,a1Rt0000005TGpF
Guinea Bissau,CONGAI,31/05/2022,(05) MAY 2022,25680,USD,0.72,USD,18489.72,a1Rt0000005TGpK
Guinea Bissau,CONGAI,1/6/2022,(06) JUN 2022,22962,USD,0.72,USD,16532.74,a1Rt0000005TGpP
Guinea Bissau,CONGAI,1/6/2022,(06) JUN 2022,19000,USD,0.72,USD,13680.09,a1Rt0000005TGpQ
Guinea Bissau,CONGAI,2/6/2022,(06) JUN 2022,37587,USD,0.81,USD,30445.66,a1Rt0000005TGpU
Guinea Bissau,OPRO,31/05/2022,(05) MAY 2022,20008,USD,0.72,USD,14405.85,a1Rt0000005TGpZ
Guinea Bissau,OPRO,31/05/2022,(05) MAY 2022,31093,USD,0.72,USD,22387.1,a1Rt0000005TGpa
Guinea Bissau,OPRO,1/6/2022,(06) JUN 2022,30967,USD,0.77,USD,23689.9,a1Rt0000005TGpe
Guinea Bissau,OPRO,2/6/2022,(06) JUN 2022,32114,USD,0.77,USD,24567.37,a1Rt0000005TGpj
Guinea Bissau,OPRO,30/05/2022,(05) MAY 2022,31645,USD,0.72,USD,22784.54,a1Rt0000005TGpo
Guinea Bissau,OPRO,31/05/2022,(05) MAY 2022,32108,USD,0.77,USD,24562.78,a1Rt0000005TGpp
Guinea Bissau,WAQUILARE,28/05/2022,(05) MAY 2022,27225.53,USD,0.81,USD,22052.82,a1Rt0000005TGpt
Guinea Bissau,CONGAI,2/6/2022,(06) JUN 2022,36658,USD,0.81,USD,29693.17,a1Rt0000005TGs9
Guinea Bissau,LAMPADA DE CAMPO,26/05/2022,(05) MAY 2022,100025,USD,0.9,USD,90023.07,a1Rt0000005TGsO
Guinea Bissau,LAMPADA DE CAMPO,30/05/2022,(05) MAY 2022,150025,USD,0.9,USD,135023.35,a1Rt0000005TGsP
Guinea Bissau,LAMPADA DE CAMPO,2/6/2022,(06) JUN 2022,25075,USD,0.9,USD,22567.64,a1Rt0000005TGsY
Guinea Bissau,LAMPADA DE CAMPO,1/6/2022,(06) JUN 2022,55080,USD,0.9,USD,49572.31,a1Rt0000005TGsd
Guinea Bissau,BALANTA CUNDA,24/05/2022,(05) MAY 2022,8880,USD,0.9,USD,7992.05,a1Rt0000005TGsi
Guinea Bissau,BALANTA CUNDA,27/05/2022,(05) MAY 2022,8477,USD,0.9,USD,7629.35,a1Rt0000005TGsn
Guinea Bissau,BALANTA CUNDA,28/05/2022,(05) MAY 2022,9413,USD,0.9,USD,8471.75,a1Rt0000005TGss
Guinea Bissau,BALANTA CUNDA,29/05/2022,(05) MAY 2022,11210,USD,0.9,USD,10089.06,a1Rt0000005TGsx
Guinea Bissau,BALANTA CUNDA,31/05/2022,(05) MAY 2022,11222,USD,0.9,USD,10099.86,a1Rt0000005TGt2
Guinea Bissau,LAMPADA DE CAMPO,6/5/2022,(05) MAY 2022,3400,USD,0.72,USD,2448.02,a1Rt0000005TGtH
Guinea Bissau,LAMPADA DE CAMPO,11/5/2022,(05) MAY 2022,8500,USD,0.72,USD,6120.04,a1Rt0000005TGtM
Guinea Bissau,LAMPADA DE CAMPO,13/05/2022,(05) MAY 2022,2975,USD,0.81,USD,2409.77,a1Rt0000005TGtR
Guinea Bissau,LAMPADA DE CAMPO,19/05/2022,(05) MAY 2022,51000,USD,0.9,USD,45900.29,a1Rt0000005TGtW
Gambia,FBCFCS - FONI,3/6/2022,(06) JUN 2022,195.4,USD,1.21,USD,236.46,a1Rt0000005TGu0
Gambia,FBCFCS - FONI,30/05/2022,(05) MAY 2022,203,USD,1.21,USD,245.66,a1Rt0000005TGu1
Gambia,FBCFCS - FONI,2/6/2022,(06) JUN 2022,456.4,USD,1.21,USD,552.31,a1Rt0000005TGu5
Gambia,FBCFCS - FONI,3/6/2022,(06) JUN 2022,335.2,USD,1.21,USD,405.64,a1Rt0000005TGu6
Guinea Bissau,BUWONDENA,4/6/2022,(06) JUN 2022,57897.5,USD,0.9,USD,52108.08,a1Rt0000005TGwY
Gambia,FBCFCS - FONI,5/6/2022,(06) JUN 2022,303.6,USD,1.21,USD,367.4,a1Rt0000005TGyy
Gambia,FBCFCS - FONI,5/6/2022,(06) JUN 2022,225.7,USD,1.21,USD,273.13,a1Rt0000005TGz8
Guinea Bissau,OPRO,6/6/2022,(06) JUN 2022,30954,USD,0.81,USD,25072.9,a1Rt0000005TGzf
Guinea Bissau,OPRO,4/6/2022,(06) JUN 2022,31098,USD,0.81,USD,25189.54,a1Rt0000005TGzi
Guinea Bissau,OPRO,4/6/2022,(06) JUN 2022,30954,USD,0.81,USD,25072.9,a1Rt0000005TGzj
Guinea Bissau,OPRO,6/6/2022,(06) JUN 2022,30821,USD,0.81,USD,24965.17,a1Rt0000005TGzn
Guinea Bissau,OPRO,6/6/2022,(06) JUN 2022,29984,USD,0.81,USD,24287.19,a1Rt0000005TGzo
Guinea Bissau,N'DELUGAN,2/6/2022,(06) JUN 2022,180675,USD,0.9,USD,162608.53,a1Rt0000005TGzs
Guinea Bissau,N'DELUGAN,6/6/2022,(06) JUN 2022,135475,USD,0.9,USD,121928.27,a1Rt0000005TGzt
Guinea Bissau,N'DELUGAN,4/6/2022,(06) JUN 2022,186750,USD,0.9,USD,168076.06,a1Rt0000005TGzx
Guinea Bissau,N'DELUGAN,6/6/2022,(06) JUN 2022,188445,USD,0.9,USD,169601.57,a1Rt0000005TH02
Guinea Bissau,N'DELUGAN,2/6/2022,(06) JUN 2022,156835,USD,0.9,USD,141152.39,a1Rt0000005TH07
Guinea Bissau,N'DELUGAN,4/6/2022,(06) JUN 2022,168325,USD,0.9,USD,151493.46,a1Rt0000005TH0C
Guinea Bissau,N'DELUGAN,2/6/2022,(06) JUN 2022,148675,USD,0.9,USD,133808.35,a1Rt0000005TH0H
Guinea Bissau,N'DELUGAN,4/6/2022,(06) JUN 2022,162385,USD,0.9,USD,146147.42,a1Rt0000005TH0M
Guinea Bissau,N'DELUGAN,6/6/2022,(06) JUN 2022,128465,USD,0.9,USD,115619.23,a1Rt0000005TH0R
Guinea Bissau,N'DELUGAN,4/6/2022,(06) JUN 2022,144875,USD,0.9,USD,130388.33,a1Rt0000005TH0S
Guinea Bissau,N'DELUGAN,2/6/2022,(06) JUN 2022,126825,USD,0.9,USD,114143.22,a1Rt0000005TH0W
Guinea Bissau,N'DELUGAN,4/6/2022,(06) JUN 2022,147635,USD,0.9,USD,132872.34,a1Rt0000005TH0b
Guinea Bissau,N'DELUGAN,6/6/2022,(06) JUN 2022,186355,USD,0.9,USD,167720.56,a1Rt0000005TH0g
Guinea Bissau,N'DELUGAN,2/6/2022,(06) JUN 2022,172850,USD,0.9,USD,155565.98,a1Rt0000005TH0l
Guinea Bissau,N'DELUGAN,4/6/2022,(06) JUN 2022,176725,USD,0.9,USD,159053.51,a1Rt0000005TH0m
Guinea Bissau,N'DELUGAN,6/6/2022,(06) JUN 2022,182675,USD,0.9,USD,164408.54,a1Rt0000005TH0q
Guinea Bissau,N'DELUGAN,2/6/2022,(06) JUN 2022,102775,USD,0.9,USD,92498.09,a1Rt0000005TH0v
Guinea Bissau,N'DELUGAN,4/6/2022,(06) JUN 2022,120650,USD,0.9,USD,108585.69,a1Rt0000005TH10
Guinea Bissau,N'DELUGAN,6/6/2022,(06) JUN 2022,136870,USD,0.9,USD,123183.78,a1Rt0000005TH15
Guinea Bissau,N'DELUGAN,2/6/2022,(06) JUN 2022,120345,USD,0.9,USD,108311.19,a1Rt0000005TH1A
Guinea Bissau,N'DELUGAN,6/6/2022,(06) JUN 2022,102465,USD,0.9,USD,92219.08,a1Rt0000005TH1F
Guinea Bissau,N'DELUGAN,2/6/2022,(06) JUN 2022,145325,USD,0.9,USD,130793.33,a1Rt0000005TH1K
Guinea Bissau,N'DELUGAN,4/6/2022,(06) JUN 2022,160250,USD,0.9,USD,144225.91,a1Rt0000005TH1P
Guinea Bissau,N'DELUGAN,6/6/2022,(06) JUN 2022,186725,USD,0.9,USD,168053.56,a1Rt0000005TH1U
Guinea Bissau,N'DELUGAN,2/6/2022,(06) JUN 2022,163475,USD,0.9,USD,147128.43,a1Rt0000005TH1Z
Guinea Bissau,N'DELUGAN,4/6/2022,(06) JUN 2022,168370,USD,0.9,USD,151533.96,a1Rt0000005TH1e
Guinea Bissau,N'DELUGAN,6/6/2022,(06) JUN 2022,126850,USD,0.9,USD,114165.72,a1Rt0000005TH1j
Guinea Bissau,CONGAI,3/6/2022,(06) JUN 2022,49986,USD,0.81,USD,40488.92,a1Rt0000005TH1o
Guinea Bissau,CONGAI,3/6/2022,(06) JUN 2022,51699,USD,0.81,USD,41876.45,a1Rt0000005TH1p
Guinea Bissau,CONGAI,4/6/2022,(06) JUN 2022,48663,USD,0.81,USD,39417.28,a1Rt0000005TH1t
Guinea Bissau,CONGAI,4/6/2022,(06) JUN 2022,55987,USD,0.81,USD,45349.76,a1Rt0000005TH1u
Guinea Bissau,CONGAI,3/6/2022,(06) JUN 2022,50782,USD,0.81,USD,41133.68,a1Rt0000005TH1y
Guinea Bissau,CONGAI,3/6/2022,(06) JUN 2022,46940,USD,0.81,USD,38021.64,a1Rt0000005TH1z
Guinea Bissau,CONGAI,3/6/2022,(06) JUN 2022,52896,USD,0.81,USD,42846.03,a1Rt0000005TH23
Guinea Bissau,CONGAI,3/6/2022,(06) JUN 2022,48964,USD,0.81,USD,39661.09,a1Rt0000005TH24
Guinea Bissau,CONGAI,4/6/2022,(06) JUN 2022,46540,USD,0.81,USD,37697.64,a1Rt0000005TH28
Guinea Bissau,CONGAI,4/6/2022,(06) JUN 2022,31670,USD,0.81,USD,25652.86,a1Rt0000005TH29
Guinea Bissau,CONGAI,3/6/2022,(06) JUN 2022,45780,USD,0.81,USD,37082.03,a1Rt0000005TH2D
Guinea Bissau,CONGAI,3/6/2022,(06) JUN 2022,38960,USD,0.81,USD,31557.8,a1Rt0000005TH2E
Guinea Bissau,CONGAI,3/6/2022,(06) JUN 2022,33685,USD,0.81,USD,27285.02,a1Rt0000005TH2I
Guinea Bissau,CONGAI,4/6/2022,(06) JUN 2022,30976,USD,0.81,USD,25090.72,a1Rt0000005TH2N
Guinea Bissau,CONGAI,4/6/2022,(06) JUN 2022,36791,USD,0.81,USD,29800.9,a1Rt0000005TH2O
Guinea Bissau,CONGAI,5/6/2022,(06) JUN 2022,55126,USD,0.81,USD,44652.34,a1Rt0000005TH2S
Guinea Bissau,CONGAI,5/6/2022,(06) JUN 2022,50984,USD,0.81,USD,41297.3,a1Rt0000005TH2T
Gambia,NCSKCS - NDARR,28/05/2022,(05) MAY 2022,183,USD,0.98,USD,178.59,a1Rt0000005TH2X
Gambia,NCSKCS - NDARR,28/05/2022,(05) MAY 2022,61,USD,0.98,USD,59.53,a1Rt0000005TH2Y
Gambia,NCSKCS - NDARR,28/05/2022,(05) MAY 2022,12,USD,0.98,USD,11.71,a1Rt0000005TH2Z
Gambia,NCSKCS - NDARR,28/05/2022,(05) MAY 2022,14,USD,0.98,USD,13.66,a1Rt0000005TH2a
Gambia,NCSKCS - NDARR,28/05/2022,(05) MAY 2022,58,USD,0.98,USD,56.6,a1Rt0000005TH2b
Gambia,NCSKCS - NDARR,28/05/2022,(05) MAY 2022,335,USD,0.98,USD,326.93,a1Rt0000005TH2c
Gambia,NCSKCS - NDARR,28/05/2022,(05) MAY 2022,418,USD,0.98,USD,407.93,a1Rt0000005TH2d
Gambia,NCSKCS - NDARR,28/05/2022,(05) MAY 2022,205,USD,0.98,USD,200.06,a1Rt0000005TH2e
Gambia,KWCFCS - KIANG,4/4/2022,(04) APR 2022,400,USD,1.25,USD,499.67,a1Rt0000005TH3k
Gambia,KWCFCS - KIANG,10/4/2022,(04) APR 2022,700,USD,1.25,USD,874.42,a1Rt0000005TH3p
Gambia,KWCFCS - KIANG,4/6/2022,(06) JUN 2022,302.9,USD,1.17,USD,354.73,a1Rt0000005TH3u
Gambia,KWCFCS - KIANG,5/6/2022,(06) JUN 2022,100,USD,1.17,USD,117.11,a1Rt0000005TH3z
Gambia,KWCFCS - KIANG,6/6/2022,(06) JUN 2022,105,USD,1.17,USD,122.97,a1Rt0000005TH44
Guinea Bissau,CONGAI,6/6/2022,(06) JUN 2022,68500,USD,0.81,USD,55485.35,a1Rt0000005TH5b
Guinea Bissau,CONGAI,6/6/2022,(06) JUN 2022,58230,USD,0.81,USD,47166.6,a1Rt0000005TH5c
Guinea Bissau,CONGAI,6/6/2022,(06) JUN 2022,51672,USD,0.81,USD,41854.58,a1Rt0000005TH5g
Guinea Bissau,CONGAI,6/6/2022,(06) JUN 2022,50988,USD,0.81,USD,41300.54,a1Rt0000005TH5h
Guinea Bissau,CONGAI,5/6/2022,(06) JUN 2022,56080,USD,0.81,USD,45425.09,a1Rt0000005TH5l
Guinea Bissau,CONGAI,5/6/2022,(06) JUN 2022,50878,USD,0.81,USD,41211.44,a1Rt0000005TH5m
Guinea Bissau,CONGAI,5/6/2022,(06) JUN 2022,60340,USD,0.81,USD,48875.71,a1Rt0000005TH5q
Guinea Bissau,CONGAI,5/6/2022,(06) JUN 2022,56457,USD,0.81,USD,45730.46,a1Rt0000005TH5r
Guinea Bissau,CONGAI,7/6/2022,(06) JUN 2022,66780,USD,0.81,USD,54092.14,a1Rt0000005TH5v
Guinea Bissau,CONGAI,4/6/2022,(06) JUN 2022,40780,USD,0.81,USD,33032.01,a1Rt0000005TH60
Guinea Bissau,CONGAI,4/6/2022,(06) JUN 2022,37679,USD,0.81,USD,30520.18,a1Rt0000005TH61
Guinea Bissau,CONGAI,5/6/2022,(06) JUN 2022,49752,USD,0.81,USD,40299.38,a1Rt0000005TH65
Guinea Bissau,CONGAI,6/6/2022,(06) JUN 2022,57988,USD,0.81,USD,46970.58,a1Rt0000005TH6A
Gambia,FBCFCS - FONI,7/6/2022,(06) JUN 2022,313.9,USD,1.21,USD,379.86,a1Rt0000005TH6K
Guinea Bissau,WAQUILARE,23/05/2022,(05) MAY 2022,10000,USD,0.81,USD,8100.05,a1Rt0000005TH9z
Guinea Bissau,WAQUILARE,23/05/2022,(05) MAY 2022,10000,USD,0.81,USD,8100.05,a1Rt0000005THA0
Guinea Bissau,WAQUILARE,25/05/2022,(05) MAY 2022,29750,USD,0.9,USD,26775.17,a1Rt0000005THA2
Guinea Bissau,LAMPADA DE CAMPO,6/6/2022,(06) JUN 2022,50065,USD,0.9,USD,45058.79,a1Rt0000005THB6
Guinea Bissau,LAMPADA DE CAMPO,8/6/2022,(06) JUN 2022,60010,USD,0.9,USD,54009.34,a1Rt0000005THBB
Gambia,KWCFCS - KIANG,28/05/2022,(05) MAY 2022,2311,USD,1.13,USD,2616.19,a1Rt0000005THBk
Guinea Bissau,WAQUILARE,28/05/2022,(05) MAY 2022,27225.53,USD,0.81,USD,22052.82,a1Rt0000005THCT
Gambia,KCFCS - KOMBO,31/05/2022,(05) MAY 2022,149.95,USD,1.27,USD,190.24,a1Rt0000005THCd
Gambia,KCFCS - KOMBO,30/04/2022,(04) APR 2022,148218,USD,1.27,USD,188042.63,a1Rt0000005THCe
Guinea Bissau,LAMPADA DE CAMPO,9/6/2022,(06) JUN 2022,75055,USD,0.9,USD,67549.93,a1Rt0000005THD2
Guinea Bissau,LAMPADA DE CAMPO,9/6/2022,(06) JUN 2022,40035,USD,0.9,USD,36031.73,a1Rt0000005THD7
Senegal,FAMVI,14/04/2022,(04) APR 2022,12783,USD,0.54,USD,6902.86,a1Rt0000005THEj
Senegal,FAMVI,21/04/2022,(04) APR 2022,9345,USD,0.63,USD,5887.39,a1Rt0000005THEk
Senegal,FAMVI,10/5/2022,(05) MAY 2022,17045,USD,0.99,USD,16874.66,a1Rt0000005THEm
Senegal,FAMVI,20/05/2022,(05) MAY 2022,13056,USD,1.17,USD,15275.62,a1Rt0000005THEn
Senegal,FAMVI,20/05/2022,(05) MAY 2022,21568,USD,1.26,USD,27175.85,a1Rt0000005THEo
Senegal,FAMVI,25/05/2022,(05) MAY 2022,7684,USD,1.08,USD,8298.77,a1Rt0000005THEp
Senegal,FAMVI,25/05/2022,(05) MAY 2022,12579,USD,0.99,USD,12453.29,a1Rt0000005THEq
Senegal,FAMVI,14/05/2022,(05) MAY 2022,18500,USD,1.26,USD,23310.15,a1Rt0000005THEr
Senegal,FAMVI,16/05/2022,(05) MAY 2022,17950,USD,1.26,USD,22617.14,a1Rt0000005THEs
Senegal,FAMVI,20/05/2022,(05) MAY 2022,20030,USD,1.17,USD,23435.25,a1Rt0000005THEt
Senegal,FAMVI,22/05/2022,(05) MAY 2022,58390,USD,0.99,USD,57806.47,a1Rt0000005THEu
Senegal,FAMVI,26/05/2022,(05) MAY 2022,49108,USD,0.99,USD,48617.23,a1Rt0000005THEv
Senegal,FAMVI,27/05/2022,(05) MAY 2022,40320,USD,1.04,USD,41731.46,a1Rt0000005THEw
Senegal,FAMVI,2/6/2022,(06) JUN 2022,19567,USD,1.08,USD,21132.49,a1Rt0000005THEx
Senegal,FAMVI,2/6/2022,(06) JUN 2022,34838,USD,0.99,USD,34489.84,a1Rt0000005THEy
Senegal,FAMVI,2/6/2022,(06) JUN 2022,35831,USD,0.9,USD,32248.1,a1Rt0000005THEz
Guinea Bissau,AGRO-BIGENE COOABI,31/05/2022,(05) MAY 2022,9200,USD,0.9,USD,8280.05,a1Rt0000005THFC
Guinea Bissau,AGRO-BIGENE COOABI,31/05/2022,(05) MAY 2022,13600,USD,0.9,USD,12240.08,a1Rt0000005THFH
Guinea Bissau,AGRO-BIGENE COOABI,31/05/2022,(05) MAY 2022,7350,USD,0.9,USD,6615.04,a1Rt0000005THFM
Guinea Bissau,AGRO-BIGENE COOABI,31/05/2022,(05) MAY 2022,15700,USD,0.9,USD,14130.09,a1Rt0000005THFR
Guinea Bissau,BUWONDENA,6/6/2022,(06) JUN 2022,9969,USD,0.9,USD,8972.16,a1Rt0000005THFW
Guinea Bissau,BUWONDENA,8/6/2022,(06) JUN 2022,10650,USD,0.9,USD,9585.06,a1Rt0000005THFb
Guinea Bissau,BUWONDENA,8/6/2022,(06) JUN 2022,10650,USD,0.9,USD,9585.06,a1Rt0000005THFg
Guinea Bissau,AGRO-BIGENE COOABI,4/6/2022,(06) JUN 2022,6300,USD,0.9,USD,5670.04,a1Rt0000005THFl
Guinea Bissau,AGRO-BIGENE COOABI,4/6/2022,(06) JUN 2022,11500,USD,0.9,USD,10350.07,a1Rt0000005THFq
Guinea Bissau,AGRO-BIGENE COOABI,4/6/2022,(06) JUN 2022,9150,USD,0.9,USD,8235.05,a1Rt0000005THG0
Guinea Bissau,AGRO-BIGENE COOABI,4/6/2022,(06) JUN 2022,14600,USD,0.9,USD,13140.08,a1Rt0000005THG5
Gambia,KWCFCS - KIANG,28/05/2022,(05) MAY 2022,1212.5,USD,1.17,USD,1419.96,a1Rt0000005THGU
Gambia,KWCFCS - KIANG,29/05/2022,(05) MAY 2022,1491,USD,1.17,USD,1746.11,a1Rt0000005THGZ
Guinea Bissau,BALANTA CUNDA,1/6/2022,(06) JUN 2022,20316,USD,0.9,USD,18284.52,a1Rt0000005THHh
Guinea Bissau,BALANTA CUNDA,2/6/2022,(06) JUN 2022,24823,USD,0.9,USD,22340.84,a1Rt0000005THHm
Guinea Bissau,BALANTA CUNDA,3/6/2022,(06) JUN 2022,22988,USD,0.9,USD,20689.33,a1Rt0000005THHr
Guinea Bissau,BALANTA CUNDA,4/6/2022,(06) JUN 2022,28960,USD,0.9,USD,26064.16,a1Rt0000005THHw
Guinea Bissau,BALANTA CUNDA,5/6/2022,(06) JUN 2022,29564,USD,0.9,USD,26607.77,a1Rt0000005THI1
Guinea Bissau,BALANTA CUNDA,6/6/2022,(06) JUN 2022,18746,USD,0.9,USD,16871.51,a1Rt0000005THI6
Guinea Bissau,AGRO-BIGENE COOABI,6/6/2022,(06) JUN 2022,10600,USD,0.9,USD,9540.06,a1Rt0000005THIB
Guinea Bissau,AGRO-BIGENE COOABI,6/6/2022,(06) JUN 2022,9150,USD,0.9,USD,8235.05,a1Rt0000005THIG
Guinea Bissau,AGRO-BIGENE COOABI,6/6/2022,(06) JUN 2022,9500,USD,0.9,USD,8550.05,a1Rt0000005THIL
Guinea Bissau,AGRO-BIGENE COOABI,6/6/2022,(06) JUN 2022,12000,USD,0.9,USD,10800.07,a1Rt0000005THIQ
Gambia,FBCFCS - FONI,2/6/2022,(06) JUN 2022,282.2,USD,1.21,USD,341.5,a1Rt0000005THIk
Gambia,FBCFCS - FONI,8/6/2022,(06) JUN 2022,258.6,USD,1.21,USD,312.94,a1Rt0000005THIp
Gambia,FBCFCS - FONI,28/05/2022,(05) MAY 2022,300,USD,1.21,USD,363.04,a1Rt0000005THIu
Guinea Bissau,LAMPADA DE CAMPO,7/6/2022,(06) JUN 2022,100045,USD,0.72,USD,72032.86,a1Rt0000005THJE
Guinea Bissau,LAMPADA DE CAMPO,8/6/2022,(06) JUN 2022,80070,USD,0.81,USD,64857.11,a1Rt0000005THJJ
Guinea Bissau,LAMPADA DE CAMPO,9/6/2022,(06) JUN 2022,100045,USD,0.9,USD,90041.07,a1Rt0000005THJT
Guinea Bissau,LAMPADA DE CAMPO,9/6/2022,(06) JUN 2022,25670,USD,0.9,USD,23103.15,a1Rt0000005THJs
Gambia,KWCFCS - KIANG,12/5/2022,(05) MAY 2022,195,USD,1.27,USD,247.39,a1Rt0000005THeW
Gambia,KWCFCS - KIANG,5/6/2022,(06) JUN 2022,750,USD,1.21,USD,907.6,a1Rt0000005THeX
Gambia,KWCFCS - KIANG,6/6/2022,(06) JUN 2022,520,USD,1.19,USD,619.12,a1Rt0000005THeY
Gambia,KWCFCS - KIANG,7/6/2022,(06) JUN 2022,1170,USD,1.19,USD,1393.02,a1Rt0000005THeZ
Guinea Bissau,CONGAI,8/6/2022,(06) JUN 2022,70981,USD,0.81,USD,57494.97,a1Rt0000005THeb
Guinea Bissau,CONGAI,8/6/2022,(06) JUN 2022,55679,USD,0.81,USD,45100.28,a1Rt0000005THec
Guinea Bissau,CONGAI,9/6/2022,(06) JUN 2022,68198,USD,0.9,USD,61378.59,a1Rt0000005THeg
Guinea Bissau,CONGAI,9/6/2022,(06) JUN 2022,72896,USD,0.9,USD,65606.82,a1Rt0000005THeh
Guinea Bissau,CONGAI,9/6/2022,(06) JUN 2022,79684,USD,0.9,USD,71716.05,a1Rt0000005THel
Guinea Bissau,CONGAI,9/6/2022,(06) JUN 2022,70985,USD,0.9,USD,63886.9,a1Rt0000005THem
Guinea Bissau,CONGAI,8/6/2022,(06) JUN 2022,78543,USD,0.81,USD,63620.23,a1Rt0000005THeq
Guinea Bissau,CONGAI,8/6/2022,(06) JUN 2022,80946,USD,0.81,USD,65566.67,a1Rt0000005THer
Guinea Bissau,CONGAI,8/6/2022,(06) JUN 2022,58647,USD,0.81,USD,47504.37,a1Rt0000005THev
Guinea Bissau,CONGAI,8/6/2022,(06) JUN 2022,79980,USD,0.81,USD,64784.21,a1Rt0000005THew
Guinea Bissau,CONGAI,8/6/2022,(06) JUN 2022,60340,USD,0.81,USD,48875.71,a1Rt0000005THf0
Guinea Bissau,CONGAI,8/6/2022,(06) JUN 2022,56457,USD,0.81,USD,45730.46,a1Rt0000005THf1
Guinea Bissau,CONGAI,9/6/2022,(06) JUN 2022,60996,USD,0.81,USD,49407.07,a1Rt0000005THf5
Guinea Bissau,CONGAI,9/6/2022,(06) JUN 2022,72062,USD,0.81,USD,58370.59,a1Rt0000005THf6
Guinea Bissau,CONGAI,9/6/2022,(06) JUN 2022,80457,USD,0.9,USD,72411.76,a1Rt0000005THfA
Guinea Bissau,CONGAI,9/6/2022,(06) JUN 2022,73964,USD,0.9,USD,66568.02,a1Rt0000005THfB
Guinea Bissau,CONGAI,8/6/2022,(06) JUN 2022,61680,USD,0.81,USD,49961.12,a1Rt0000005THfF
Guinea Bissau,CONGAI,8/6/2022,(06) JUN 2022,65769,USD,0.81,USD,53273.23,a1Rt0000005THfG
Guinea Bissau,CONGAI,7/6/2022,(06) JUN 2022,89684,USD,0.81,USD,72644.5,a1Rt0000005THfK
Guinea Bissau,CONGAI,7/6/2022,(06) JUN 2022,91090,USD,0.81,USD,73783.37,a1Rt0000005THfL
Guinea Bissau,WAQUILARE,25/05/2022,(05) MAY 2022,59500,USD,0.72,USD,42840.27,a1Rt0000005THg8
Guinea Bissau,WAQUILARE,23/05/2022,(05) MAY 2022,59350,USD,0.81,USD,48073.8,a1Rt0000005THg9
Guinea Bissau,WAQUILARE,1/5/2022,(05) MAY 2022,59510,USD,0.68,USD,40169.5,a1Rt0000005THgI
Guinea Bissau,WAQUILARE,1/5/2022,(05) MAY 2022,28475,USD,0.72,USD,20502.13,a1Rt0000005THgJ
Guinea Bissau,WAQUILARE,1/5/2022,(05) MAY 2022,59500,USD,0.81,USD,48195.3,a1Rt0000005THgN
Guinea Bissau,N'DELUGAN,11/6/2022,(06) JUN 2022,160000,USD,0.9,USD,144000.91,a1Rt0000005THgS
Guinea Bissau,N'DELUGAN,13/06/2022,(06) JUN 2022,150875,USD,0.9,USD,135788.36,a1Rt0000005THgX
Guinea Bissau,N'DELUGAN,11/6/2022,(06) JUN 2022,175365,USD,0.9,USD,157829.5,a1Rt0000005THgc
Guinea Bissau,N'DELUGAN,13/06/2022,(06) JUN 2022,160475,USD,0.9,USD,144428.41,a1Rt0000005THgh
Guinea Bissau,N'DELUGAN,11/6/2022,(06) JUN 2022,186650,USD,0.9,USD,167986.06,a1Rt0000005THgm
Guinea Bissau,N'DELUGAN,11/6/2022,(06) JUN 2022,167865,USD,0.9,USD,151079.46,a1Rt0000005THgr
Guinea Bissau,N'DELUGAN,11/6/2022,(06) JUN 2022,162870,USD,0.9,USD,146583.93,a1Rt0000005THgw
Guinea Bissau,N'DELUGAN,11/6/2022,(06) JUN 2022,158470,USD,0.9,USD,142623.9,a1Rt0000005THh1
Guinea Bissau,N'DELUGAN,11/6/2022,(06) JUN 2022,183860,USD,0.9,USD,165475.05,a1Rt0000005THh6
Guinea Bissau,N'DELUGAN,11/6/2022,(06) JUN 2022,172360,USD,0.9,USD,155124.98,a1Rt0000005THhB
Guinea Bissau,N'DELUGAN,11/6/2022,(06) JUN 2022,148775,USD,0.9,USD,133898.35,a1Rt0000005THhG
Guinea Bissau,CONGAI,10/6/2022,(06) JUN 2022,96670,USD,0.9,USD,87003.55,a1Rt0000005TI2Z
Guinea Bissau,CONGAI,10/6/2022,(06) JUN 2022,98759,USD,0.9,USD,88883.66,a1Rt0000005TI2a
Guinea Bissau,CONGAI,10/6/2022,(06) JUN 2022,99897,USD,0.9,USD,89907.87,a1Rt0000005TI2e
Guinea Bissau,CONGAI,10/6/2022,(06) JUN 2022,96875,USD,0.9,USD,87188.05,a1Rt0000005TI2f
Guinea Bissau,CONGAI,11/6/2022,(06) JUN 2022,100960,USD,0.9,USD,90864.57,a1Rt0000005TI2j
Guinea Bissau,CONGAI,11/6/2022,(06) JUN 2022,89978,USD,0.9,USD,80980.71,a1Rt0000005TI2k
Guinea Bissau,CONGAI,12/6/2022,(06) JUN 2022,99968,USD,0.9,USD,89971.77,a1Rt0000005TI2o
Guinea Bissau,CONGAI,12/6/2022,(06) JUN 2022,90846,USD,0.9,USD,81761.92,a1Rt0000005TI2p
Guinea Bissau,CONGAI,13/06/2022,(06) JUN 2022,89657,USD,0.9,USD,80691.81,a1Rt0000005TI2t
Guinea Bissau,CONGAI,13/06/2022,(06) JUN 2022,97935,USD,0.9,USD,88142.06,a1Rt0000005TI2u
Guinea Bissau,CONGAI,13/06/2022,(06) JUN 2022,102683,USD,0.9,USD,92415.28,a1Rt0000005TI2y
Guinea Bissau,CONGAI,13/06/2022,(06) JUN 2022,100804,USD,0.9,USD,90724.17,a1Rt0000005TI2z
Guinea Bissau,CONGAI,10/6/2022,(06) JUN 2022,86498,USD,0.9,USD,77848.69,a1Rt0000005TI33
Guinea Bissau,CONGAI,10/6/2022,(06) JUN 2022,98769,USD,0.9,USD,88892.66,a1Rt0000005TI34
Guinea Bissau,CONGAI,10/6/2022,(06) JUN 2022,90687,USD,0.9,USD,81618.82,a1Rt0000005TI38
Guinea Bissau,CONGAI,10/6/2022,(06) JUN 2022,98589,USD,0.9,USD,88730.66,a1Rt0000005TI39
Guinea Bissau,CONGAI,11/6/2022,(06) JUN 2022,75680,USD,0.9,USD,68112.43,a1Rt0000005TI3D
Guinea Bissau,CONGAI,11/6/2022,(06) JUN 2022,88865,USD,0.9,USD,79979.01,a1Rt0000005TI3E
Guinea Bissau,CONGAI,12/6/2022,(06) JUN 2022,95890,USD,0.9,USD,86301.55,a1Rt0000005TI3I
Guinea Bissau,CONGAI,12/6/2022,(06) JUN 2022,97643,USD,0.9,USD,87879.26,a1Rt0000005TI3J
Guinea Bissau,CONGAI,12/6/2022,(06) JUN 2022,99020,USD,0.9,USD,89118.56,a1Rt0000005TI3N
Guinea Bissau,CONGAI,12/6/2022,(06) JUN 2022,86876,USD,0.9,USD,78188.89,a1Rt0000005TI3O
Guinea Bissau,CONGAI,13/06/2022,(06) JUN 2022,82540,USD,0.9,USD,74286.47,a1Rt0000005TI3S
Guinea Bissau,CONGAI,13/06/2022,(06) JUN 2022,96847,USD,0.9,USD,87162.85,a1Rt0000005TI3T
Gambia,KCFCS - KOMBO,30/04/2022,(04) APR 2022,146077,USD,1.27,USD,185326.36,a1Rt0000005TI3c
Guinea Bissau,LAMPADA DE CAMPO,14/06/2022,(06) JUN 2022,250070,USD,0.9,USD,225064.42,a1Rt0000005TI3w
Guinea Bissau,LAMPADA DE CAMPO,13/06/2022,(06) JUN 2022,100045,USD,0.9,USD,90041.07,a1Rt0000005TI41
Guinea Bissau,LAMPADA DE CAMPO,14/06/2022,(06) JUN 2022,30005,USD,0.9,USD,27004.67,a1Rt0000005TI46
Guinea Bissau,OPRO,6/6/2022,(06) JUN 2022,32008,USD,0.81,USD,25926.64,a1Rt0000005TI7y
Guinea Bissau,OPRO,6/6/2022,(06) JUN 2022,31120,USD,0.81,USD,25207.36,a1Rt0000005TI7z
Guinea Bissau,OPRO,9/6/2022,(06) JUN 2022,59480,USD,0.81,USD,48179.1,a1Rt0000005TI83
Guinea Bissau,OPRO,9/6/2022,(06) JUN 2022,61250,USD,0.81,USD,49612.81,a1Rt0000005TI84
Guinea Bissau,OPRO,8/6/2022,(06) JUN 2022,87914,USD,0.81,USD,71210.79,a1Rt0000005TI88
Guinea Bissau,OPRO,8/6/2022,(06) JUN 2022,29097,USD,0.81,USD,23568.72,a1Rt0000005TI89
Senegal,FAMVI,14/06/2022,(06) JUN 2022,43837,USD,1.26,USD,55234.97,a1Rt0000005TIEV
Senegal,FAMVI,11/6/2022,(06) JUN 2022,48880,USD,0.99,USD,48391.51,a1Rt0000005TIEa
Senegal,FADECBA,5/5/2022,(05) MAY 2022,98248,USD,1.26,USD,123793.26,a1Rt0000005TIHj
Senegal,FADECBA,14/05/2022,(05) MAY 2022,21245,USD,0.99,USD,21032.68,a1Rt0000005TIHk
Senegal,FADECBA,6/6/2022,(06) JUN 2022,6618,USD,0.72,USD,4764.99,a1Rt0000005TIHl
Gambia,KCFCS - KOMBO,4/6/2022,(06) JUN 2022,320.9,USD,1.23,USD,394.6,a1Rt0000005TIID
Gambia,KCFCS - KOMBO,3/5/2022,(05) MAY 2022,845.2,USD,1.37,USD,1154.78,a1Rt0000005TIII
Gambia,KWCFCS - KIANG,29/05/2022,(05) MAY 2022,150,USD,1.33,USD,199.09,a1Rt0000005TIIS
Gambia,KWCFCS - KIANG,30/05/2022,(05) MAY 2022,2555,USD,1.27,USD,3241.5,a1Rt0000005TIIX
Gambia,KCFCS - KOMBO,3/6/2022,(06) JUN 2022,553.9,USD,1.23,USD,681.1,a1Rt0000005TIIc
Gambia,KCFCS - KOMBO,4/5/2022,(05) MAY 2022,468.6,USD,1.41,USD,658.53,a1Rt0000005TIIh
Gambia,KCFCS - KOMBO,5/6/2022,(06) JUN 2022,484.3,USD,1.23,USD,595.52,a1Rt0000005TIIm
Senegal,BALUH-NA,1/6/2022,(06) JUN 2022,38000,USD,0.99,USD,37620.24,a1Rt0000005TIJe
Senegal,BALUH-NA,3/6/2022,(06) JUN 2022,42000,USD,0.99,USD,41580.26,a1Rt0000005TIJf
Senegal,BALUH-NA,1/6/2022,(06) JUN 2022,43000,USD,1.01,USD,43344.27,a1Rt0000005TIJg
Senegal,BALUH-NA,5/6/2022,(06) JUN 2022,37000,USD,1.01,USD,37296.24,a1Rt0000005TIJh
Senegal,BALUH-NA,6/6/2022,(06) JUN 2022,40,USD,1.01,USD,40.32,a1Rt0000005TIJi
Senegal,CPA COUMBACARA,5/5/2022,(05) MAY 2022,5000,USD,0.72,USD,3600.02,a1Rt0000005TIL1
Senegal,CPA COUMBACARA,9/5/2022,(05) MAY 2022,6000,USD,0.9,USD,5400.03,a1Rt0000005TIL2
Senegal,CPA COUMBACARA,17/05/2022,(05) MAY 2022,5000,USD,1.08,USD,5400.03,a1Rt0000005TIL3
Senegal,CPA COUMBACARA,29/05/2022,(05) MAY 2022,70000,USD,0.9,USD,63000.4,a1Rt0000005TIL4
Gambia,KCFCS - KOMBO,30/05/2022,(05) MAY 2022,160355,USD,1.27,USD,203440.71,a1Rt0000005TIL6
Gambia,KCFCS - KOMBO,30/05/2022,(05) MAY 2022,157596,USD,1.27,USD,199940.4,a1Rt0000005TIL7
Gambia,KWCFCS - KIANG,27/04/2022,(04) APR 2022,3245,USD,1.21,USD,3926.89,a1Rt0000005TINH
Gambia,FBCFCS - FONI,14/06/2022,(06) JUN 2022,174.9,USD,1.17,USD,204.83,a1Rt0000005TIPN
Guinea Bissau,CONGAI,14/06/2022,(06) JUN 2022,89789,USD,0.9,USD,80810.61,a1Rt0000005TIPX
Guinea Bissau,CONGAI,14/06/2022,(06) JUN 2022,120387,USD,0.9,USD,108348.99,a1Rt0000005TIPY
Guinea Bissau,CONGAI,16/06/2022,(06) JUN 2022,105000,USD,0.9,USD,94500.6,a1Rt0000005TIPc
Guinea Bissau,CONGAI,16/06/2022,(06) JUN 2022,95981,USD,0.9,USD,86383.45,a1Rt0000005TIPd
Guinea Bissau,CONGAI,16/06/2022,(06) JUN 2022,102754,USD,0.9,USD,92479.19,a1Rt0000005TIPh
Guinea Bissau,CONGAI,16/06/2022,(06) JUN 2022,106360,USD,0.9,USD,95724.61,a1Rt0000005TIPi
Guinea Bissau,CONGAI,14/06/2022,(06) JUN 2022,98646,USD,0.9,USD,88781.96,a1Rt0000005TIPm
Guinea Bissau,CONGAI,14/06/2022,(06) JUN 2022,103478,USD,0.9,USD,93130.79,a1Rt0000005TIPn
Guinea Bissau,CONGAI,16/06/2022,(06) JUN 2022,112250,USD,0.9,USD,101025.64,a1Rt0000005TIPr
Guinea Bissau,CONGAI,16/06/2022,(06) JUN 2022,100060,USD,0.9,USD,90054.57,a1Rt0000005TIPs
Guinea Bissau,CONGAI,14/06/2022,(06) JUN 2022,180375,USD,0.9,USD,162338.53,a1Rt0000005TIPx
Guinea Bissau,CONGAI,14/06/2022,(06) JUN 2022,106983,USD,0.9,USD,96285.31,a1Rt0000005TIQ1
Guinea Bissau,CONGAI,14/06/2022,(06) JUN 2022,120446,USD,0.9,USD,108402.09,a1Rt0000005TIQ2
Guinea Bissau,CONGAI,15/06/2022,(06) JUN 2022,90679,USD,0.9,USD,81611.62,a1Rt0000005TIQ6
Guinea Bissau,CONGAI,15/06/2022,(06) JUN 2022,110550,USD,0.9,USD,99495.63,a1Rt0000005TIQ7
Guinea Bissau,CONGAI,16/06/2022,(06) JUN 2022,150090,USD,0.9,USD,135081.85,a1Rt0000005TIQB
Guinea Bissau,CONGAI,16/06/2022,(06) JUN 2022,115595,USD,0.9,USD,104036.16,a1Rt0000005TIQC
Guinea Bissau,CONGAI,16/06/2022,(06) JUN 2022,98647,USD,0.9,USD,88782.86,a1Rt0000005TIQG
Guinea Bissau,CONGAI,16/06/2022,(06) JUN 2022,100384,USD,0.9,USD,90346.17,a1Rt0000005TIQH
Guinea Bissau,CONGAI,17/06/2022,(06) JUN 2022,100050,USD,0.9,USD,90045.57,a1Rt0000005TIQL
Guinea Bissau,CONGAI,17/06/2022,(06) JUN 2022,110000,USD,0.9,USD,99000.63,a1Rt0000005TIQM
Guinea Bissau,LAMPADA DE CAMPO,17/06/2022,(06) JUN 2022,199920,USD,0.9,USD,179929.14,a1Rt0000005TIQQ
Guinea Bissau,BUWONDENA,9/6/2022,(06) JUN 2022,24093,USD,0.9,USD,21683.84,a1Rt0000005TIQa
Guinea Bissau,BUWONDENA,11/6/2022,(06) JUN 2022,22010,USD,0.9,USD,19809.13,a1Rt0000005TIQf
Guinea Bissau,BUWONDENA,14/06/2022,(06) JUN 2022,19495,USD,0.9,USD,17545.61,a1Rt0000005TIQk
Guinea Bissau,BUWONDENA,15/06/2022,(06) JUN 2022,16190,USD,0.9,USD,14571.09,a1Rt0000005TIQp
Guinea Bissau,BUWONDENA,10/6/2022,(06) JUN 2022,20250,USD,0.9,USD,18225.12,a1Rt0000005TIQu
Guinea Bissau,AGRO-BIGENE COOABI,11/6/2022,(06) JUN 2022,10000,USD,0.9,USD,9000.06,a1Rt0000005TIQz
Guinea Bissau,AGRO-BIGENE COOABI,11/6/2022,(06) JUN 2022,8860,USD,0.9,USD,7974.05,a1Rt0000005TIR4
Guinea Bissau,AGRO-BIGENE COOABI,11/6/2022,(06) JUN 2022,7100,USD,0.9,USD,6390.04,a1Rt0000005TIR9
Guinea Bissau,AGRO-BIGENE COOABI,11/6/2022,(06) JUN 2022,11266,USD,0.9,USD,10139.46,a1Rt0000005TIRE
Guinea Bissau,AGRO-BIGENE COOABI,13/06/2022,(06) JUN 2022,10750,USD,0.9,USD,9675.06,a1Rt0000005TIRJ
Guinea Bissau,AGRO-BIGENE COOABI,13/06/2022,(06) JUN 2022,10680,USD,0.9,USD,9612.06,a1Rt0000005TIRO
Guinea Bissau,AGRO-BIGENE COOABI,14/06/2022,(06) JUN 2022,9800,USD,0.9,USD,8820.06,a1Rt0000005TIRT
Guinea Bissau,AGRO-BIGENE COOABI,16/06/2022,(06) JUN 2022,11500,USD,0.9,USD,10350.07,a1Rt0000005TIRY
Guinea Bissau,BALANTA CUNDA,5/6/2022,(06) JUN 2022,26251,USD,0.9,USD,23626.05,a1Rt0000005TIRd
Guinea Bissau,BALANTA CUNDA,7/6/2022,(06) JUN 2022,22251,USD,0.9,USD,20026.03,a1Rt0000005TIRi
Guinea Bissau,BALANTA CUNDA,8/6/2022,(06) JUN 2022,20757,USD,0.9,USD,18681.42,a1Rt0000005TIRn
Guinea Bissau,BALANTA CUNDA,9/6/2022,(06) JUN 2022,27852,USD,0.9,USD,25066.96,a1Rt0000005TIRs
Guinea Bissau,BALANTA CUNDA,10/6/2022,(06) JUN 2022,20920,USD,0.9,USD,18828.12,a1Rt0000005TIRx
Guinea Bissau,BALANTA CUNDA,11/6/2022,(06) JUN 2022,22026,USD,0.9,USD,19823.53,a1Rt0000005TIS2
Guinea Bissau,BALANTA CUNDA,12/6/2022,(06) JUN 2022,16542,USD,0.9,USD,14887.89,a1Rt0000005TIS7
Guinea Bissau,BALANTA CUNDA,13/06/2022,(06) JUN 2022,18949,USD,0.9,USD,17054.21,a1Rt0000005TISC
Guinea Bissau,BALANTA CUNDA,14/06/2022,(06) JUN 2022,14645,USD,0.9,USD,13180.58,a1Rt0000005TISH
Guinea Bissau,BALANTA CUNDA,14/06/2022,(06) JUN 2022,20526,USD,0.9,USD,18473.52,a1Rt0000005TISM
Guinea Bissau,BALANTA CUNDA,15/06/2022,(06) JUN 2022,24220,USD,0.9,USD,21798.14,a1Rt0000005TISR
Guinea Bissau,BALANTA CUNDA,15/06/2022,(06) JUN 2022,24179,USD,0.9,USD,21761.24,a1Rt0000005TISW
Gambia,KWCFCS - KIANG,12/5/2022,(05) MAY 2022,50,USD,1.17,USD,58.55,a1Rt0000005TIXg
Gambia,KWCFCS - KIANG,23/04/2022,(04) APR 2022,605,USD,1.17,USD,708.51,a1Rt0000005TIXh
Gambia,KWCFCS - KIANG,23/04/2022,(04) APR 2022,710,USD,1.21,USD,859.2,a1Rt0000005TIXi
Gambia,NCFPCS - NATAL,2/5/2022,(05) MAY 2022,60,USD,1.37,USD,81.98,a1Rt0000005TIjr
Gambia,NCFPCS - NATAL,26/05/2022,(05) MAY 2022,260,USD,0.88,USD,228.36,a1Rt0000005TIjs
Gambia,NCFPCS - NATAL,26/05/2022,(05) MAY 2022,400,USD,1.27,USD,507.48,a1Rt0000005TIjt
Gambia,NCFPCS - NATAL,22/04/2022,(04) APR 2022,284,USD,1.64,USD,465.63,a1Rt0000005TIju
Gambia,NCFPCS - NATAL,22/04/2022,(04) APR 2022,351,USD,1.23,USD,431.61,a1Rt0000005TIjv
Gambia,NCFPCS - NATAL,23/04/2022,(04) APR 2022,169,USD,1.01,USD,171.53,a1Rt0000005TIjw
Gambia,NCFPCS - NATAL,23/04/2022,(04) APR 2022,123,USD,1.17,USD,144.05,a1Rt0000005TIjx
Gambia,NCFPCS - NATAL,24/04/2022,(04) APR 2022,526,USD,1.19,USD,626.26,a1Rt0000005TIjy
Gambia,NCFPCS - NATAL,21/04/2022,(04) APR 2022,67,USD,1.17,USD,78.46,a1Rt0000005TIjz
Gambia,NCFPCS - NATAL,24/04/2022,(04) APR 2022,116,USD,1.17,USD,135.85,a1Rt0000005TIk0
Gambia,NCFPCS - NATAL,24/04/2022,(04) APR 2022,130,USD,1.17,USD,152.24,a1Rt0000005TIk1
Gambia,NCFPCS - NATAL,21/04/2022,(04) APR 2022,170,USD,1.17,USD,199.09,a1Rt0000005TIk2
Gambia,NCFPCS - NATAL,21/04/2022,(04) APR 2022,111,USD,1.17,USD,129.99,a1Rt0000005TIk3
Gambia,NCFPCS - NATAL,23/04/2022,(04) APR 2022,81,USD,1.17,USD,94.86,a1Rt0000005TIk4
Gambia,NCFPCS - NATAL,25/04/2022,(04) APR 2022,568,USD,1.07,USD,609.75,a1Rt0000005TIk5
Gambia,NCFPCS - NATAL,23/05/2022,(05) MAY 2022,700,USD,1.27,USD,888.08,a1Rt0000005TIk6
Gambia,NCFPCS - NATAL,23/05/2022,(05) MAY 2022,600,USD,1.37,USD,819.77,a1Rt0000005TIk7
Gambia,NCFPCS - NATAL,23/05/2022,(05) MAY 2022,300,USD,1.11,USD,333.76,a1Rt0000005TIk8
Gambia,NCFPCS - NATAL,23/05/2022,(05) MAY 2022,414,USD,1.07,USD,444.43,a1Rt0000005TIk9
Gambia,NCFPCS - NATAL,2/5/2022,(05) MAY 2022,80,USD,1.27,USD,101.5,a1Rt0000005TIkA
Gambia,NCFPCS - NATAL,25/05/2022,(05) MAY 2022,286,USD,1.44,USD,413.09,a1Rt0000005TIkB
Gambia,FBCFCS - FONI,9/4/2022,(04) APR 2022,791.7,USD,1.37,USD,1081.68,a1Rt0000005TIkM
Gambia,FBCFCS - FONI,30/04/2022,(04) APR 2022,628,USD,1.33,USD,833.51,a1Rt0000005TIkN
Gambia,FBCFCS - FONI,20/05/2022,(05) MAY 2022,412.8,USD,1.27,USD,523.72,a1Rt0000005TIkR
Gambia,FBCFCS - FONI,27/04/2022,(04) APR 2022,746.9,USD,1.27,USD,947.58,a1Rt0000005TIkW
Gambia,FBCFCS - FONI,26/05/2022,(05) MAY 2022,261,USD,1.33,USD,346.41,a1Rt0000005TIkb
Gambia,FBCFCS - FONI,29/04/2022,(04) APR 2022,1484.3,USD,1.31,USD,1941.06,a1Rt0000005TIkg
Gambia,FBCFCS - FONI,26/04/2022,(04) APR 2022,810.1,USD,1.27,USD,1027.77,a1Rt0000005TIkl
Guinea Bissau,LAMPADA DE CAMPO,20/06/2022,(06) JUN 2022,79985,USD,0.9,USD,71986.96,a1Rt0000005TIkq
Guinea Bissau,LAMPADA DE CAMPO,15/06/2022,(06) JUN 2022,74970,USD,0.9,USD,67473.43,a1Rt0000005TIl5
Guinea Bissau,CONGAI,18/06/2022,(06) JUN 2022,185640,USD,0.9,USD,167077.06,a1Rt0000005TIlj
Guinea Bissau,CONGAI,18/06/2022,(06) JUN 2022,145813,USD,0.9,USD,131232.53,a1Rt0000005TIlk
Guinea Bissau,CONGAI,18/06/2022,(06) JUN 2022,165475,USD,0.9,USD,148928.44,a1Rt0000005TIlo
Guinea Bissau,CONGAI,18/06/2022,(06) JUN 2022,119689,USD,0.9,USD,107720.78,a1Rt0000005TIlp
Guinea Bissau,CONGAI,18/06/2022,(06) JUN 2022,149886,USD,0.9,USD,134898.25,a1Rt0000005TIlt
Guinea Bissau,CONGAI,18/06/2022,(06) JUN 2022,160989,USD,0.9,USD,144891.02,a1Rt0000005TIlu
Guinea Bissau,CONGAI,19/06/2022,(06) JUN 2022,189098,USD,0.9,USD,170189.28,a1Rt0000005TIly
Guinea Bissau,CONGAI,19/06/2022,(06) JUN 2022,180890,USD,0.9,USD,162802.03,a1Rt0000005TIlz
Guinea Bissau,CONGAI,19/06/2022,(06) JUN 2022,191643,USD,0.9,USD,172479.79,a1Rt0000005TIm3
Guinea Bissau,CONGAI,19/06/2022,(06) JUN 2022,178987,USD,0.9,USD,161089.32,a1Rt0000005TIm4
Guinea Bissau,CONGAI,20/06/2022,(06) JUN 2022,189997,USD,0.9,USD,170998.38,a1Rt0000005TIm8
Guinea Bissau,CONGAI,20/06/2022,(06) JUN 2022,190985,USD,0.9,USD,171887.59,a1Rt0000005TIm9
Guinea Bissau,CONGAI,20/06/2022,(06) JUN 2022,120000,USD,0.9,USD,108000.68,a1Rt0000005TImD
Guinea Bissau,CONGAI,20/06/2022,(06) JUN 2022,125500,USD,0.9,USD,112950.71,a1Rt0000005TImE
Guinea Bissau,CONGAI,17/06/2022,(06) JUN 2022,110987,USD,0.9,USD,99888.93,a1Rt0000005TImI
Guinea Bissau,CONGAI,17/06/2022,(06) JUN 2022,115698,USD,0.9,USD,104128.86,a1Rt0000005TImJ
Guinea Bissau,CONGAI,18/06/2022,(06) JUN 2022,128688,USD,0.9,USD,115819.93,a1Rt0000005TImN
Guinea Bissau,CONGAI,18/06/2022,(06) JUN 2022,145759,USD,0.9,USD,131183.93,a1Rt0000005TImO
Guinea Bissau,CONGAI,19/06/2022,(06) JUN 2022,146978,USD,0.9,USD,132281.04,a1Rt0000005TImS
Guinea Bissau,CONGAI,19/06/2022,(06) JUN 2022,151843,USD,0.9,USD,136659.56,a1Rt0000005TImT
Guinea Bissau,LAMPADA DE CAMPO,21/06/2022,(06) JUN 2022,89930,USD,0.9,USD,80937.51,a1Rt0000005TInG
Gambia,KCFCS - KOMBO,31/05/2022,(05) MAY 2022,166563,USD,1.27,USD,211316.74,a1Rt0000005TInp
Guinea Bissau,CONGAI,18/06/2022,(06) JUN 2022,157090,USD,0.9,USD,141381.89,a1Rt0000005TIo4
Guinea Bissau,CONGAI,18/06/2022,(06) JUN 2022,169684,USD,0.9,USD,152716.57,a1Rt0000005TIo5
Guinea Bissau,CONGAI,19/06/2022,(06) JUN 2022,183457,USD,0.9,USD,165112.34,a1Rt0000005TIo9
Guinea Bissau,CONGAI,19/06/2022,(06) JUN 2022,165685,USD,0.9,USD,149117.44,a1Rt0000005TIoA
Guinea Bissau,CONGAI,20/06/2022,(06) JUN 2022,190679,USD,0.9,USD,171612.19,a1Rt0000005TIoE
Guinea Bissau,CONGAI,20/06/2022,(06) JUN 2022,192398,USD,0.9,USD,173159.3,a1Rt0000005TIoF
Guinea Bissau,LAMPADA DE CAMPO,22/06/2022,(06) JUN 2022,24990,USD,0.9,USD,22491.14,a1Rt0000005TIoJ
Gambia,KWCFCS - KIANG,15/05/2022,(05) MAY 2022,5965,USD,1.27,USD,7567.73,a1Rt0000005TIoO
Guinea Bissau,CONGAI,21/06/2022,(06) JUN 2022,189960,USD,0.9,USD,170965.08,a1Rt0000005TIod
Guinea Bissau,CONGAI,21/06/2022,(06) JUN 2022,192676,USD,0.9,USD,173409.5,a1Rt0000005TIoe
Guinea Bissau,CONGAI,21/06/2022,(06) JUN 2022,198200,USD,0.9,USD,178381.13,a1Rt0000005TIoi
Guinea Bissau,CONGAI,21/06/2022,(06) JUN 2022,180350,USD,0.9,USD,162316.03,a1Rt0000005TIoj
Guinea Bissau,CONGAI,21/06/2022,(06) JUN 2022,178687,USD,0.9,USD,160819.32,a1Rt0000005TIon
Guinea Bissau,CONGAI,21/06/2022,(06) JUN 2022,186982,USD,0.9,USD,168284.86,a1Rt0000005TIoo
Guinea Bissau,CONGAI,21/06/2022,(06) JUN 2022,198978,USD,0.9,USD,179081.33,a1Rt0000005TIp2
Guinea Bissau,CONGAI,21/06/2022,(06) JUN 2022,196897,USD,0.9,USD,177208.42,a1Rt0000005TIp3
Guinea Bissau,CONGAI,21/06/2022,(06) JUN 2022,205605,USD,0.9,USD,185045.67,a1Rt0000005TIp7
Guinea Bissau,CONGAI,21/06/2022,(06) JUN 2022,211780,USD,0.9,USD,190603.21,a1Rt0000005TIp8
Guinea Bissau,CONGAI,21/06/2022,(06) JUN 2022,189985,USD,0.9,USD,170987.58,a1Rt0000005TIpC
Guinea Bissau,CONGAI,21/06/2022,(06) JUN 2022,201979,USD,0.9,USD,181782.25,a1Rt0000005TIpD
Guinea Bissau,CONGAI,21/06/2022,(06) JUN 2022,189960,USD,0.9,USD,170965.08,a1Rt0000005TIpH
Guinea Bissau,CONGAI,21/06/2022,(06) JUN 2022,198987,USD,0.9,USD,179089.43,a1Rt0000005TIpI
Guinea Bissau,CONGAI,20/06/2022,(06) JUN 2022,190986,USD,0.9,USD,171888.49,a1Rt0000005TIpM
Guinea Bissau,CONGAI,20/06/2022,(06) JUN 2022,196798,USD,0.9,USD,177119.32,a1Rt0000005TIpN
Senegal,FADECBA,21/06/2022,(06) JUN 2022,81384,USD,0.99,USD,80570.67,a1Rt0000005TItO
Guinea Bissau,LAMPADA DE CAMPO,23/06/2022,(06) JUN 2022,39950,USD,0.9,USD,35955.23,a1Rt0000005TItT
Senegal,BALUH-NA,1/6/2022,(06) JUN 2022,200000,USD,0.9,USD,180001.14,a1Rt0000005TIti
Senegal,BALUH-NA,2/6/2022,(06) JUN 2022,150000,USD,0.9,USD,135000.85,a1Rt0000005TItj
Senegal,BALUH-NA,4/6/2022,(06) JUN 2022,220000,USD,0.99,USD,217801.38,a1Rt0000005TItk
Senegal,BALUH-NA,5/6/2022,(06) JUN 2022,95000,USD,0.99,USD,94050.6,a1Rt0000005TItl
Senegal,BALUH-NA,6/6/2022,(06) JUN 2022,230000,USD,0.99,USD,227701.44,a1Rt0000005TItm
Senegal,BALUH-NA,8/6/2022,(06) JUN 2022,180000,USD,0.99,USD,178201.13,a1Rt0000005TItn
Senegal,BALUH-NA,9/6/2022,(06) JUN 2022,150000,USD,0.99,USD,148500.94,a1Rt0000005TIto
Senegal,BALUH-NA,11/6/2022,(06) JUN 2022,160000,USD,0.99,USD,158401,a1Rt0000005TItp
Senegal,BALUH-NA,14/06/2022,(06) JUN 2022,175000,USD,1.01,USD,176401.12,a1Rt0000005TItq
Senegal,BALUH-NA,16/06/2022,(06) JUN 2022,105000,USD,1.01,USD,105840.67,a1Rt0000005TItr
Senegal,BALUH-NA,18/06/2022,(06) JUN 2022,125000,USD,0.99,USD,123750.78,a1Rt0000005TIts
Senegal,BALUH-NA,19/06/2022,(06) JUN 2022,176000,USD,0.99,USD,174241.1,a1Rt0000005TItt
Senegal,BALUH-NA,18/06/2022,(06) JUN 2022,90000,USD,1.01,USD,90720.57,a1Rt0000005TItu
Senegal,BALUH-NA,20/06/2022,(06) JUN 2022,165000,USD,1.01,USD,166321.05,a1Rt0000005TItv
Guinea Bissau,N'DELUGAN,22/06/2022,(06) JUN 2022,173900,USD,1.08,USD,187813.19,a1Rt0000005TIuM
Senegal,FAMVI,21/06/2022,(06) JUN 2022,101200,USD,1.08,USD,109296.69,a1Rt0000005TIxu
Guinea Bissau,BUWONDENA,16/06/2022,(06) JUN 2022,17336.5,USD,0.9,USD,15602.95,a1Rt0000005TIxz
Guinea Bissau,BUWONDENA,18/06/2022,(06) JUN 2022,17827,USD,0.9,USD,16044.4,a1Rt0000005TIy4
Guinea Bissau,BUWONDENA,21/06/2022,(06) JUN 2022,15269,USD,0.9,USD,13742.19,a1Rt0000005TIy9
Guinea Bissau,BUWONDENA,17/06/2022,(06) JUN 2022,13755,USD,0.9,USD,12379.58,a1Rt0000005TIyE
Gambia,KCFCS - KOMBO,31/05/2022,(05) MAY 2022,164463,USD,1.27,USD,208652.49,a1Rt0000005TIyJ
Guinea Bissau,WAQUILARE,22/06/2022,(06) JUN 2022,28486.86,USD,0.9,USD,25638.34,a1Rt0000005TJ8T
Guinea Bissau,OPRO,31/05/2022,(05) MAY 2022,130984,USD,0.86,USD,111992.03,a1Rt0000005TJ8n
Guinea Bissau,OPRO,31/05/2022,(05) MAY 2022,128983,USD,0.86,USD,110281.16,a1Rt0000005TJ8o
Guinea Bissau,OPRO,8/6/2022,(06) JUN 2022,132600,USD,0.86,USD,113373.72,a1Rt0000005TJ8s
Guinea Bissau,OPRO,8/6/2022,(06) JUN 2022,132734,USD,0.86,USD,113488.29,a1Rt0000005TJ8t
Guinea Bissau,OPRO,17/06/2022,(06) JUN 2022,150000,USD,0.81,USD,121500.77,a1Rt0000005TJ8x
Guinea Bissau,OPRO,17/06/2022,(06) JUN 2022,149250,USD,0.81,USD,120893.27,a1Rt0000005TJ8y
Guinea Bissau,OPRO,19/06/2022,(06) JUN 2022,148500,USD,0.81,USD,120285.76,a1Rt0000005TJ92
Guinea Bissau,OPRO,19/06/2022,(06) JUN 2022,149242,USD,0.81,USD,120886.78,a1Rt0000005TJ93
Guinea Bissau,OPRO,22/06/2022,(06) JUN 2022,150000,USD,0.86,USD,128250.81,a1Rt0000005TJ97
Guinea Bissau,OPRO,22/06/2022,(06) JUN 2022,120699,USD,0.86,USD,103198.3,a1Rt0000005TJ98
Guinea Bissau,LAMPADA DE CAMPO,24/06/2022,(06) JUN 2022,450075,USD,0.9,USD,405070.06,a1Rt0000005TJ9C
Guinea Bissau,LAMPADA DE CAMPO,24/06/2022,(06) JUN 2022,180030,USD,0.9,USD,162028.03,a1Rt0000005TJ9H
Guinea Bissau,LAMPADA DE CAMPO,24/06/2022,(06) JUN 2022,400010,USD,0.9,USD,360011.28,a1Rt0000005TJ9M
Guinea Bissau,N'DELUGAN,22/06/2022,(06) JUN 2022,122675,USD,1.08,USD,132489.84,a1Rt0000005TJAy
Guinea Bissau,N'DELUGAN,22/06/2022,(06) JUN 2022,164725,USD,1.08,USD,177904.13,a1Rt0000005TJB3
Guinea Bissau,N'DELUGAN,22/06/2022,(06) JUN 2022,156345,USD,1.08,USD,168853.67,a1Rt0000005TJB8
Guinea Bissau,N'DELUGAN,22/06/2022,(06) JUN 2022,142465,USD,1.08,USD,153863.17,a1Rt0000005TJBD
Guinea Bissau,N'DELUGAN,22/06/2022,(06) JUN 2022,172345,USD,1.08,USD,186133.78,a1Rt0000005TJBI
Guinea Bissau,N'DELUGAN,22/06/2022,(06) JUN 2022,168675,USD,1.08,USD,182170.15,a1Rt0000005TJBN
Guinea Bissau,N'DELUGAN,22/06/2022,(06) JUN 2022,174745,USD,1.08,USD,188725.79,a1Rt0000005TJBS
Guinea Bissau,N'DELUGAN,22/06/2022,(06) JUN 2022,170350,USD,1.08,USD,183979.16,a1Rt0000005TJBX
Gambia,KWCFCS - KIANG,2/6/2022,(06) JUN 2022,3355,USD,1.21,USD,4060,a1Rt0000005TJFj
Gambia,KCFCS - KOMBO,24/06/2022,(06) JUN 2022,91753,USD,1.37,USD,125360.39,a1Rt0000005TJKF
Senegal,BALUH-NA,7/6/2022,(06) JUN 2022,20000,USD,0.9,USD,18000.11,a1Rt0000005TJOb
Senegal,BALUH-NA,12/6/2022,(06) JUN 2022,23000,USD,0.99,USD,22770.14,a1Rt0000005TJOc
Guinea Bissau,N'DELUGAN,24/06/2022,(06) JUN 2022,96750,USD,1.08,USD,104490.66,a1Rt0000005TJPK
Guinea Bissau,N'DELUGAN,24/06/2022,(06) JUN 2022,106425,USD,1.08,USD,114939.73,a1Rt0000005TJPP
Guinea Bissau,N'DELUGAN,24/06/2022,(06) JUN 2022,89670,USD,1.08,USD,96844.21,a1Rt0000005TJPU
Guinea Bissau,N'DELUGAN,24/06/2022,(06) JUN 2022,102465,USD,1.08,USD,110662.9,a1Rt0000005TJPZ
Guinea Bissau,N'DELUGAN,24/06/2022,(06) JUN 2022,86475,USD,1.08,USD,93393.59,a1Rt0000005TJPe
Guinea Bissau,N'DELUGAN,24/06/2022,(06) JUN 2022,98765,USD,1.08,USD,106666.87,a1Rt0000005TJPj
Guinea Bissau,N'DELUGAN,24/06/2022,(06) JUN 2022,106360,USD,1.08,USD,114869.53,a1Rt0000005TJPo
Guinea Bissau,N'DELUGAN,24/06/2022,(06) JUN 2022,102645,USD,1.08,USD,110857.3,a1Rt0000005TJPt
Guinea Bissau,N'DELUGAN,24/06/2022,(06) JUN 2022,98235,USD,1.08,USD,106094.47,a1Rt0000005TJPy
Guinea Bissau,BUWONDENA,11/5/2022,(05) MAY 2022,3031,USD,0.68,USD,2045.94,a1Rt0000005TJQD
Guinea Bissau,BALANTA CUNDA,14/06/2022,(06) JUN 2022,3600,USD,0.68,USD,2430.02,a1Rt0000005TJQI
Guinea Bissau,BALANTA CUNDA,16/06/2022,(06) JUN 2022,6250,USD,0.68,USD,4218.78,a1Rt0000005TJQN
Guinea Bissau,BALANTA CUNDA,18/06/2022,(06) JUN 2022,2935,USD,0.68,USD,1981.14,a1Rt0000005TJQS
Guinea Bissau,BALANTA CUNDA,22/06/2022,(06) JUN 2022,3838,USD,0.68,USD,2590.67,a1Rt0000005TJQX
Guinea Bissau,BALANTA CUNDA,2/5/2022,(05) MAY 2022,4377,USD,0.68,USD,2954.49,a1Rt0000005TJQc
Guinea Bissau,AGRO-BIGENE COOABI,13/04/2022,(04) APR 2022,554000,USD,0.68,USD,373952.37,a1Rt0000005TJQh
Guinea Bissau,LAMPADA DE CAMPO,27/06/2022,(06) JUN 2022,270045,USD,0.9,USD,243042.04,a1Rt0000005TJQm
Guinea Bissau,LAMPADA DE CAMPO,27/06/2022,(06) JUN 2022,300050,USD,0.9,USD,270046.71,a1Rt0000005TJQr
Guinea Bissau,LAMPADA DE CAMPO,27/06/2022,(06) JUN 2022,130050,USD,0.9,USD,117045.74,a1Rt0000005TJQw
Guinea Bissau,LAMPADA DE CAMPO,27/06/2022,(06) JUN 2022,50065,USD,0.9,USD,45058.79,a1Rt0000005TJR1
Guinea Bissau,LAMPADA DE CAMPO,27/06/2022,(06) JUN 2022,200005,USD,0.9,USD,180005.64,a1Rt0000005TJR6
Gambia,KWCFCS - KIANG,5/6/2022,(06) JUN 2022,2062.5,USD,1.21,USD,2495.9,a1Rt0000005TJdq
Guinea Bissau,LAMPADA DE CAMPO,26/06/2022,(06) JUN 2022,500055,USD,0.9,USD,450052.35,a1Rt0000005TJdv
Guinea Bissau,AGRICOLA CJAM,17/05/2022,(05) MAY 2022,958600,USD,0.81,USD,776470.91,a1Rt0000005TJeU
Guinea Bissau,AGRICOLA CJAM,17/05/2022,(05) MAY 2022,497100,USD,0.81,USD,402653.55,a1Rt0000005TJeV
Senegal,BALUH-NA,23/06/2022,(06) JUN 2022,185000,USD,1.01,USD,186481.18,a1Rt0000005TJhs
Senegal,BALUH-NA,25/06/2022,(06) JUN 2022,104000,USD,1.02,USD,105768.67,a1Rt0000005TJht
Senegal,BALUH-NA,28/06/2022,(06) JUN 2022,90000,USD,1.02,USD,91530.58,a1Rt0000005TJhu
Guinea Bissau,WAQUILARE,25/05/2022,(05) MAY 2022,225078,USD,0.81,USD,182314.33,a1Rt0000005TJi2
Guinea Bissau,LAMPADA DE CAMPO,29/06/2022,(06) JUN 2022,65025,USD,0.9,USD,58522.87,a1Rt0000005TJrd
Guinea Bissau,BUWONDENA,21/06/2022,(06) JUN 2022,5750.5,USD,0.9,USD,5175.48,a1Rt0000005TJsW
Senegal,FAMVI,25/06/2022,(06) JUN 2022,150000,USD,1.17,USD,175501.11,a1Rt0000005TK4c
Senegal,FAMVI,26/06/2022,(06) JUN 2022,114000,USD,1.08,USD,123120.78,a1Rt0000005TK4d
Senegal,AJAC LUKAL,10/6/2022,(06) JUN 2022,485000,USD,0.99,USD,480153.04,a1Rt0000005TK4r
Senegal,AJAC LUKAL,15/06/2022,(06) JUN 2022,655000,USD,0.95,USD,624873.95,a1Rt0000005TK4w
Senegal,AJAC LUKAL,15/06/2022,(06) JUN 2022,125000,USD,1.08,USD,135000.85,a1Rt0000005TK4x
Senegal,AJAC LUKAL,20/06/2022,(06) JUN 2022,1492000,USD,0.99,USD,1477089.35,a1Rt0000005TK51
Senegal,AJAC LUKAL,24/06/2022,(06) JUN 2022,698000,USD,0.9,USD,628203.98,a1Rt0000005TK56
Senegal,AJAC LUKAL,24/06/2022,(06) JUN 2022,693000,USD,0.99,USD,686074.34,a1Rt0000005TK57
Senegal,AJAC LUKAL,28/06/2022,(06) JUN 2022,1122000,USD,0.81,USD,908825.75,a1Rt0000005TK5B
Guinea Bissau,BUWONDENA,24/06/2022,(06) JUN 2022,3934,USD,0.9,USD,3540.62,a1Rt0000005TK9D
Guinea Bissau,BUWONDENA,26/06/2022,(06) JUN 2022,2889,USD,0.9,USD,2600.12,a1Rt0000005TK9I
Guinea Bissau,BUWONDENA,28/06/2022,(06) JUN 2022,3121,USD,0.9,USD,2808.92,a1Rt0000005TK9N
Guinea Bissau,BUWONDENA,28/06/2022,(06) JUN 2022,6605,USD,0.9,USD,5944.54,a1Rt0000005TK9S
Guinea Bissau,BALANTA CUNDA,16/06/2022,(06) JUN 2022,27380,USD,0.9,USD,24642.16,a1Rt0000005TK9X
Guinea Bissau,BALANTA CUNDA,17/06/2022,(06) JUN 2022,37814,USD,0.9,USD,34032.82,a1Rt0000005TK9c
Guinea Bissau,BALANTA CUNDA,18/06/2022,(06) JUN 2022,35987,USD,0.9,USD,32388.5,a1Rt0000005TK9h
Guinea Bissau,BALANTA CUNDA,19/06/2022,(06) JUN 2022,22656,USD,0.9,USD,20390.53,a1Rt0000005TK9m
Guinea Bissau,BALANTA CUNDA,20/06/2022,(06) JUN 2022,33526,USD,0.9,USD,30173.59,a1Rt0000005TK9r
Guinea Bissau,BALANTA CUNDA,21/06/2022,(06) JUN 2022,38242,USD,0.9,USD,34418.02,a1Rt0000005TK9w
Guinea Bissau,AGRO-BIGENE COOABI,27/06/2022,(06) JUN 2022,1700,USD,0.72,USD,1224.01,a1Rt0000005TKA6
Guinea Bissau,AGRO-BIGENE COOABI,27/06/2022,(06) JUN 2022,800,USD,0.72,USD,576,a1Rt0000005TKAB
Guinea Bissau,AGRO-BIGENE COOABI,27/06/2022,(06) JUN 2022,1300,USD,0.72,USD,936.01,a1Rt0000005TKAG
Guinea Bissau,AGRO-BIGENE COOABI,27/06/2022,(06) JUN 2022,3250,USD,0.72,USD,2340.01,a1Rt0000005TKAL
Gambia,KWCFCS - KIANG,8/6/2022,(06) JUN 2022,3805,USD,1.17,USD,4456.03,a1Rt0000005TKAQ
Guinea Bissau,AGRO-BIGENE COOABI,4/4/2022,(04) APR 2022,445000,USD,0.68,USD,300376.9,a1Rt0000005TKZn
Guinea Bissau,CONGAI,7/6/2022,(06) JUN 2022,49867,USD,0.81,USD,40392.53,a1Rt0000005TKak
Guinea Bissau,CONGAI,1/6/2022,(06) JUN 2022,27890,USD,0.81,USD,22591.04,a1Rt0000005TKgi
Guinea Bissau,CONGAI,21/05/2022,(05) MAY 2022,11015,USD,0.72,USD,7930.85,a1Rt0000005TKgs
Guinea Bissau,CONGAI,22/05/2022,(05) MAY 2022,20989,USD,0.72,USD,15112.18,a1Rt0000005TKgx
Guinea Bissau,CONGAI,7/5/2022,(05) MAY 2022,5492,USD,0.68,USD,3707.12,a1Rt0000005TKhC
Guinea Bissau,CONGAI,7/5/2022,(05) MAY 2022,9663,USD,0.68,USD,6522.57,a1Rt0000005TKhD
Guinea Bissau,CONGAI,12/5/2022,(05) MAY 2022,7780,USD,0.68,USD,5251.53,a1Rt0000005TKhH
Guinea Bissau,CONGAI,12/5/2022,(05) MAY 2022,3894,USD,0.68,USD,2628.47,a1Rt0000005TKhI
Guinea Bissau,CONGAI,6/6/2022,(06) JUN 2022,53789,USD,0.81,USD,43569.37,a1Rt0000005TKhN
Guinea Bissau,CONGAI,7/6/2022,(06) JUN 2022,89684,USD,0.81,USD,72644.5,a1Rt0000005TKhR
Guinea Bissau,CONGAI,7/6/2022,(06) JUN 2022,91090,USD,0.81,USD,73783.37,a1Rt0000005TKhS
Guinea Bissau,CONGAI,5/6/2022,(06) JUN 2022,81667,USD,0.9,USD,73500.77,a1Rt0000005TKhW
Guinea Bissau,CONGAI,9/6/2022,(06) JUN 2022,83982,USD,0.9,USD,75584.28,a1Rt0000005TKhX
Guinea Bissau,CONGAI,4/5/2022,(05) MAY 2022,4350,USD,0.68,USD,2936.27,a1Rt0000005TKhb
Guinea Bissau,CONGAI,4/5/2022,(05) MAY 2022,6788,USD,0.68,USD,4581.93,a1Rt0000005TKhc
Guinea Bissau,CONGAI,8/6/2022,(06) JUN 2022,61680,USD,0.81,USD,49961.12,a1Rt0000005TKhg
Guinea Bissau,CONGAI,8/6/2022,(06) JUN 2022,65769,USD,0.81,USD,53273.23,a1Rt0000005TKhh
Guinea Bissau,CONGAI,9/6/2022,(06) JUN 2022,81667,USD,0.9,USD,73500.77,a1Rt0000005TKhl
Guinea Bissau,CONGAI,9/6/2022,(06) JUN 2022,83982,USD,0.9,USD,75584.28,a1Rt0000005TKhm
Guinea Bissau,CONGAI,6/6/2022,(06) JUN 2022,51654,USD,0.81,USD,41840,a1Rt0000005TKhq
Guinea Bissau,CONGAI,6/6/2022,(06) JUN 2022,53789,USD,0.81,USD,43569.37,a1Rt0000005TKhr
Guinea Bissau,CONGAI,17/06/2022,(06) JUN 2022,120658,USD,0.9,USD,108592.89,a1Rt0000005TKhv
Guinea Bissau,CONGAI,17/06/2022,(06) JUN 2022,90982,USD,0.9,USD,81884.32,a1Rt0000005TKhw
Guinea Bissau,CONGAI,13/06/2022,(06) JUN 2022,91678,USD,0.9,USD,82510.72,a1Rt0000005TKi0
Guinea Bissau,CONGAI,13/06/2022,(06) JUN 2022,93805,USD,0.9,USD,84425.03,a1Rt0000005TKi1
Guinea Bissau,CONGAI,12/6/2022,(06) JUN 2022,81005,USD,0.9,USD,72904.96,a1Rt0000005TKi5
Guinea Bissau,CONGAI,12/6/2022,(06) JUN 2022,84609,USD,0.9,USD,76148.58,a1Rt0000005TKi6
Guinea Bissau,CONGAI,10/6/2022,(06) JUN 2022,63760,USD,0.9,USD,57384.36,a1Rt0000005TKiA
Guinea Bissau,CONGAI,10/6/2022,(06) JUN 2022,78892,USD,0.9,USD,71003.25,a1Rt0000005TKiB
Guinea Bissau,CONGAI,10/6/2022,(06) JUN 2022,50786,USD,0.9,USD,45707.69,a1Rt0000005TKiF
Guinea Bissau,CONGAI,10/6/2022,(06) JUN 2022,62891,USD,0.9,USD,56602.26,a1Rt0000005TKiG
Guinea Bissau,CONGAI,11/6/2022,(06) JUN 2022,74354,USD,0.9,USD,66919.02,a1Rt0000005TKiL
Guinea Bissau,CONGAI,9/6/2022,(06) JUN 2022,79684,USD,0.9,USD,71716.05,a1Rt0000005TKiP
Guinea Bissau,CONGAI,9/6/2022,(06) JUN 2022,70985,USD,0.9,USD,63886.9,a1Rt0000005TKiQ
Guinea Bissau,CONGAI,9/6/2022,(06) JUN 2022,68198,USD,0.9,USD,61378.59,a1Rt0000005TKiU
Guinea Bissau,CONGAI,9/6/2022,(06) JUN 2022,72896,USD,0.9,USD,65606.82,a1Rt0000005TKiV
Guinea Bissau,CONGAI,8/6/2022,(06) JUN 2022,70981,USD,0.81,USD,57494.97,a1Rt0000005TKiZ
Guinea Bissau,CONGAI,8/6/2022,(06) JUN 2022,55679,USD,0.81,USD,45100.28,a1Rt0000005TKia
Guinea Bissau,CONGAI,7/6/2022,(06) JUN 2022,49867,USD,0.81,USD,40392.53,a1Rt0000005TKie
Guinea Bissau,CONGAI,7/6/2022,(06) JUN 2022,52990,USD,0.81,USD,42922.17,a1Rt0000005TKif
Guinea Bissau,N'DELUGAN,5/7/2022,(07) JUL 2022,84700,USD,0.9,USD,76230.48,a1Rt0000005TKij
Guinea Bissau,N'DELUGAN,5/7/2022,(07) JUL 2022,87400,USD,0.81,USD,70794.45,a1Rt0000005TKio
Guinea Bissau,N'DELUGAN,5/7/2022,(07) JUL 2022,47850,USD,0.81,USD,38758.75,a1Rt0000005TKit
Guinea Bissau,N'DELUGAN,5/7/2022,(07) JUL 2022,72345,USD,0.81,USD,58599.82,a1Rt0000005TKiy
Guinea Bissau,N'DELUGAN,5/7/2022,(07) JUL 2022,86900,USD,0.9,USD,78210.49,a1Rt0000005TKj3
Guinea Bissau,N'DELUGAN,5/7/2022,(07) JUL 2022,67850,USD,0.9,USD,61065.39,a1Rt0000005TKj8
Guinea Bissau,N'DELUGAN,5/7/2022,(07) JUL 2022,82750,USD,0.9,USD,74475.47,a1Rt0000005TKjD
Guinea Bissau,N'DELUGAN,5/7/2022,(07) JUL 2022,83425,USD,0.81,USD,67574.68,a1Rt0000005TKjI
Guinea Bissau,N'DELUGAN,5/7/2022,(07) JUL 2022,76585,USD,0.81,USD,62034.24,a1Rt0000005TKjN
Guinea Bissau,BUWONDENA,17/06/2022,(06) JUN 2022,13755,USD,0.9,USD,12379.58,a1Rt0000005TKpa
Guinea Bissau,BUWONDENA,8/6/2022,(06) JUN 2022,9770,USD,0.9,USD,8793.06,a1Rt0000005TKpf
Guinea Bissau,BUWONDENA,6/6/2022,(06) JUN 2022,21000.5,USD,0.9,USD,18900.57,a1Rt0000005TKpk
Guinea Bissau,CONGAI,9/6/2022,(06) JUN 2022,60996,USD,0.81,USD,49407.07,a1Rt0000005TKrH
Guinea Bissau,CONGAI,9/6/2022,(06) JUN 2022,72062,USD,0.81,USD,58370.59,a1Rt0000005TKrI
Guinea Bissau,CONGAI,9/6/2022,(06) JUN 2022,80457,USD,0.9,USD,72411.76,a1Rt0000005TKrM
Guinea Bissau,CONGAI,9/6/2022,(06) JUN 2022,73964,USD,0.9,USD,66568.02,a1Rt0000005TKrN
Guinea Bissau,CONGAI,22/06/2022,(06) JUN 2022,196859,USD,0.9,USD,177174.22,a1Rt0000005TKsZ
Guinea Bissau,CONGAI,22/06/2022,(06) JUN 2022,188691,USD,0.9,USD,169822.97,a1Rt0000005TKsa
Guinea Bissau,CONGAI,22/06/2022,(06) JUN 2022,198968,USD,0.9,USD,179072.33,a1Rt0000005TKse
Guinea Bissau,CONGAI,22/06/2022,(06) JUN 2022,197896,USD,0.9,USD,178107.53,a1Rt0000005TKsf
Guinea Bissau,CONGAI,23/06/2022,(06) JUN 2022,189865,USD,0.9,USD,170879.58,a1Rt0000005TKsj
Guinea Bissau,CONGAI,23/06/2022,(06) JUN 2022,190996,USD,0.9,USD,171897.49,a1Rt0000005TKsk
Guinea Bissau,CONGAI,24/06/2022,(06) JUN 2022,136890,USD,0.9,USD,123201.78,a1Rt0000005TKso
Guinea Bissau,CONGAI,24/06/2022,(06) JUN 2022,178972,USD,0.9,USD,161075.82,a1Rt0000005TKsp
Guinea Bissau,CONGAI,25/06/2022,(06) JUN 2022,129865,USD,0.9,USD,116879.24,a1Rt0000005TKst
Guinea Bissau,CONGAI,25/06/2022,(06) JUN 2022,155978,USD,0.9,USD,140381.09,a1Rt0000005TKsu
Guinea Bissau,CONGAI,28/06/2022,(06) JUN 2022,110698,USD,0.9,USD,99628.83,a1Rt0000005TKsy
Guinea Bissau,CONGAI,28/06/2022,(06) JUN 2022,185459,USD,0.9,USD,166914.16,a1Rt0000005TKsz
Guinea Bissau,CONGAI,29/06/2022,(06) JUN 2022,186897,USD,0.9,USD,168208.36,a1Rt0000005TKt3
Guinea Bissau,CONGAI,29/06/2022,(06) JUN 2022,191659,USD,0.9,USD,172494.19,a1Rt0000005TKt4
Guinea Bissau,CONGAI,22/06/2022,(06) JUN 2022,196878,USD,0.9,USD,177191.32,a1Rt0000005TKt8
Guinea Bissau,CONGAI,22/06/2022,(06) JUN 2022,198679,USD,0.9,USD,178812.23,a1Rt0000005TKt9
Gambia,KWCFCS - KIANG,15/06/2022,(06) JUN 2022,2662,USD,1.17,USD,3117.46,a1Rt0000005TKvO
Guinea Bissau,CONGAI,23/06/2022,(06) JUN 2022,156879,USD,0.9,USD,141191.99,a1Rt0000005TKw7
Guinea Bissau,CONGAI,23/06/2022,(06) JUN 2022,179853,USD,0.9,USD,161868.72,a1Rt0000005TKw8
Guinea Bissau,CONGAI,23/06/2022,(06) JUN 2022,176830,USD,0.9,USD,159148.01,a1Rt0000005TKwC
Guinea Bissau,CONGAI,23/06/2022,(06) JUN 2022,188940,USD,0.9,USD,170047.08,a1Rt0000005TKwD
Guinea Bissau,CONGAI,25/06/2022,(06) JUN 2022,188649,USD,0.9,USD,169785.17,a1Rt0000005TKwM
Guinea Bissau,CONGAI,25/06/2022,(06) JUN 2022,197584,USD,0.9,USD,177826.73,a1Rt0000005TKwN
Guinea Bissau,CONGAI,27/06/2022,(06) JUN 2022,180660,USD,0.9,USD,162595.03,a1Rt0000005TKwR
Guinea Bissau,CONGAI,27/06/2022,(06) JUN 2022,159890,USD,0.9,USD,143901.91,a1Rt0000005TKwS
Guinea Bissau,CONGAI,29/06/2022,(06) JUN 2022,198647,USD,0.9,USD,178783.43,a1Rt0000005TKwW
Guinea Bissau,CONGAI,29/06/2022,(06) JUN 2022,188976,USD,0.9,USD,170079.48,a1Rt0000005TKwX
Guinea Bissau,CONGAI,22/06/2022,(06) JUN 2022,189978,USD,0.9,USD,170981.28,a1Rt0000005TKwb
Guinea Bissau,CONGAI,22/06/2022,(06) JUN 2022,196965,USD,0.9,USD,177269.62,a1Rt0000005TKwc
Guinea Bissau,CONGAI,22/06/2022,(06) JUN 2022,187964,USD,0.9,USD,169168.67,a1Rt0000005TKwg
Guinea Bissau,CONGAI,22/06/2022,(06) JUN 2022,198789,USD,0.9,USD,178911.23,a1Rt0000005TKwh
Gambia,NCSKCS - NDARR,15/06/2022,(06) JUN 2022,1500,USD,1.07,USD,1610.26,a1Rt0000005TL2F
Gambia,NCSKCS - NDARR,15/06/2022,(06) JUN 2022,300,USD,1.07,USD,322.05,a1Rt0000005TL2G
Gambia,NCSKCS - NDARR,15/06/2022,(06) JUN 2022,700,USD,1.07,USD,751.45,a1Rt0000005TL2H
Gambia,NCSKCS - NDARR,15/06/2022,(06) JUN 2022,428,USD,1.07,USD,459.46,a1Rt0000005TL2I
Gambia,NCSKCS - NDARR,15/06/2022,(06) JUN 2022,728,USD,1.07,USD,781.51,a1Rt0000005TL2J
Gambia,NCSKCS - NDARR,15/06/2022,(06) JUN 2022,414,USD,1.07,USD,444.43,a1Rt0000005TL2K
Gambia,NCSKCS - NDARR,16/06/2022,(06) JUN 2022,606,USD,1.07,USD,650.54,a1Rt0000005TL2L
Gambia,NCSKCS - NDARR,16/06/2022,(06) JUN 2022,346,USD,1.07,USD,371.43,a1Rt0000005TL2M
Gambia,NCSKCS - NDARR,16/06/2022,(06) JUN 2022,1012,USD,1.07,USD,1086.39,a1Rt0000005TL2N
Gambia,NCSKCS - NDARR,16/06/2022,(06) JUN 2022,768,USD,1.07,USD,824.45,a1Rt0000005TL2O
Gambia,NCSKCS - NDARR,16/06/2022,(06) JUN 2022,1052,USD,1.07,USD,1129.33,a1Rt0000005TL2P
Gambia,NCSKCS - NDARR,16/06/2022,(06) JUN 2022,954,USD,1.07,USD,1024.13,a1Rt0000005TL2Q
Gambia,NCSKCS - NDARR,16/06/2022,(06) JUN 2022,810,USD,1.07,USD,869.54,a1Rt0000005TL2R
Gambia,NCSKCS - NDARR,16/06/2022,(06) JUN 2022,526,USD,1.07,USD,564.66,a1Rt0000005TL2S
Gambia,NCSKCS - NDARR,16/06/2022,(06) JUN 2022,1728,USD,1.07,USD,1855.02,a1Rt0000005TL2T
Guinea Bissau,CONGAI,22/06/2022,(06) JUN 2022,205685,USD,0.9,USD,185117.67,a1Rt0000005TL4f
Guinea Bissau,CONGAI,22/06/2022,(06) JUN 2022,198890,USD,0.9,USD,179002.13,a1Rt0000005TL4g
Guinea Bissau,CONGAI,22/06/2022,(06) JUN 2022,215960,USD,0.9,USD,194365.23,a1Rt0000005TL4k
Guinea Bissau,CONGAI,22/06/2022,(06) JUN 2022,125875,USD,0.9,USD,113288.22,a1Rt0000005TL4l
Guinea Bissau,CONGAI,22/06/2022,(06) JUN 2022,199897,USD,0.9,USD,179908.44,a1Rt0000005TL4p
Guinea Bissau,CONGAI,22/06/2022,(06) JUN 2022,209890,USD,0.9,USD,188902.2,a1Rt0000005TL4q
Guinea Bissau,CONGAI,22/06/2022,(06) JUN 2022,198679,USD,0.9,USD,178812.23,a1Rt0000005TL4u
Guinea Bissau,CONGAI,22/06/2022,(06) JUN 2022,206892,USD,0.9,USD,186203.98,a1Rt0000005TL4v
Guinea Bissau,CONGAI,23/06/2022,(06) JUN 2022,199650,USD,0.9,USD,179686.14,a1Rt0000005TL4z
Guinea Bissau,CONGAI,23/06/2022,(06) JUN 2022,189897,USD,0.9,USD,170908.38,a1Rt0000005TL50
Guinea Bissau,CONGAI,24/06/2022,(06) JUN 2022,190870,USD,0.9,USD,171784.09,a1Rt0000005TL54
Guinea Bissau,CONGAI,24/06/2022,(06) JUN 2022,210650,USD,0.9,USD,189586.2,a1Rt0000005TL55
Guinea Bissau,CONGAI,25/06/2022,(06) JUN 2022,198875,USD,0.9,USD,178988.63,a1Rt0000005TL59
Guinea Bissau,CONGAI,25/06/2022,(06) JUN 2022,196987,USD,0.9,USD,177289.42,a1Rt0000005TL5A
Guinea Bissau,CONGAI,26/06/2022,(06) JUN 2022,196898,USD,0.9,USD,177209.32,a1Rt0000005TL5E
Guinea Bissau,CONGAI,26/06/2022,(06) JUN 2022,199856,USD,0.9,USD,179871.54,a1Rt0000005TL5F
Guinea Bissau,CONGAI,26/06/2022,(06) JUN 2022,178788,USD,0.9,USD,160910.22,a1Rt0000005TL5J
Guinea Bissau,CONGAI,26/06/2022,(06) JUN 2022,195896,USD,0.9,USD,176307.52,a1Rt0000005TL5K
Guinea Bissau,CONGAI,27/06/2022,(06) JUN 2022,190650,USD,0.9,USD,171586.09,a1Rt0000005TL5O
Guinea Bissau,CONGAI,27/06/2022,(06) JUN 2022,198967,USD,0.9,USD,179071.43,a1Rt0000005TL5P
Guinea Bissau,CONGAI,28/06/2022,(06) JUN 2022,190865,USD,0.9,USD,171779.59,a1Rt0000005TL5T
Guinea Bissau,CONGAI,28/06/2022,(06) JUN 2022,199890,USD,0.9,USD,179902.14,a1Rt0000005TL5U
Guinea Bissau,CONGAI,29/06/2022,(06) JUN 2022,198978,USD,0.9,USD,179081.33,a1Rt0000005TL5Y
Guinea Bissau,CONGAI,29/06/2022,(06) JUN 2022,205689,USD,0.9,USD,185121.27,a1Rt0000005TL5Z
Guinea Bissau,BUWONDENA,29/06/2022,(06) JUN 2022,31300,USD,0.86,USD,26761.67,a1Rt0000005TLF9
Guinea Bissau,BUWONDENA,1/7/2022,(07) JUL 2022,31245,USD,0.86,USD,26714.64,a1Rt0000005TLFE
Guinea Bissau,BUWONDENA,3/7/2022,(07) JUL 2022,24530,USD,0.86,USD,20973.28,a1Rt0000005TLFJ
Guinea Bissau,BUWONDENA,5/7/2022,(07) JUL 2022,21130,USD,0.86,USD,18066.26,a1Rt0000005TLFO
Guinea Bissau,BUWONDENA,29/06/2022,(06) JUN 2022,39135,USD,0.81,USD,31699.55,a1Rt0000005TLFT
Guinea Bissau,BUWONDENA,1/7/2022,(07) JUL 2022,31820,USD,0.81,USD,25774.36,a1Rt0000005TLFY
Guinea Bissau,BUWONDENA,5/7/2022,(07) JUL 2022,41000,USD,0.81,USD,33210.21,a1Rt0000005TLFd
Guinea Bissau,BALANTA CUNDA,28/06/2022,(06) JUN 2022,36844,USD,0.9,USD,33159.81,a1Rt0000005TLFi
Guinea Bissau,BALANTA CUNDA,29/06/2022,(06) JUN 2022,33965,USD,0.9,USD,30568.69,a1Rt0000005TLFn
Guinea Bissau,BALANTA CUNDA,1/7/2022,(07) JUL 2022,22626,USD,0.9,USD,20363.53,a1Rt0000005TLFs
Guinea Bissau,BALANTA CUNDA,2/7/2022,(07) JUL 2022,37358,USD,0.9,USD,33622.41,a1Rt0000005TLFx
Guinea Bissau,BALANTA CUNDA,3/7/2022,(07) JUL 2022,38644,USD,0.9,USD,34779.82,a1Rt0000005TLG2
Guinea Bissau,AGRICOLA CJAM,9/6/2022,(06) JUN 2022,873,USD,0.81,USD,707.13,a1Rt0000005TLHK
Guinea Bissau,AGRICOLA CJAM,9/6/2022,(06) JUN 2022,872,USD,0.81,USD,706.32,a1Rt0000005TLHL
Guinea Bissau,AGRICOLA CJAM,17/06/2022,(06) JUN 2022,7825,USD,0.72,USD,5634.04,a1Rt0000005TLHP
Guinea Bissau,AGRICOLA CJAM,17/06/2022,(06) JUN 2022,359,USD,0.81,USD,290.79,a1Rt0000005TLHQ
Guinea Bissau,AGRICOLA CJAM,19/06/2022,(06) JUN 2022,958.25,USD,0.81,USD,776.19,a1Rt0000005TLHU
Guinea Bissau,AGRICOLA CJAM,19/06/2022,(06) JUN 2022,589,USD,0.81,USD,477.09,a1Rt0000005TLHV
Guinea Bissau,AGRICOLA CJAM,12/6/2022,(06) JUN 2022,785,USD,0.81,USD,635.85,a1Rt0000005TLHZ
Guinea Bissau,AGRICOLA CJAM,12/6/2022,(06) JUN 2022,648,USD,0.81,USD,524.88,a1Rt0000005TLHa
Guinea Bissau,AGRICOLA CJAM,5/6/2022,(06) JUN 2022,1470,USD,0.81,USD,1190.71,a1Rt0000005TLHe
Guinea Bissau,AGRICOLA CJAM,5/6/2022,(06) JUN 2022,985,USD,0.81,USD,797.86,a1Rt0000005TLHf
Guinea Bissau,AGRICOLA CJAM,19/06/2022,(06) JUN 2022,873.8,USD,0.81,USD,707.78,a1Rt0000005TLHj
Guinea Bissau,AGRICOLA CJAM,19/06/2022,(06) JUN 2022,958.25,USD,0.81,USD,776.19,a1Rt0000005TLHk
Guinea Bissau,AGRICOLA CJAM,20/06/2022,(06) JUN 2022,689,USD,0.81,USD,558.09,a1Rt0000005TLHo
Guinea Bissau,AGRICOLA CJAM,20/06/2022,(06) JUN 2022,865,USD,0.81,USD,700.65,a1Rt0000005TLHp
Guinea Bissau,AGRICOLA CJAM,20/06/2022,(06) JUN 2022,450,USD,0.81,USD,364.5,a1Rt0000005TLHt
Guinea Bissau,AGRICOLA CJAM,20/06/2022,(06) JUN 2022,987,USD,0.81,USD,799.48,a1Rt0000005TLHu
Guinea Bissau,AGRICOLA CJAM,21/06/2022,(06) JUN 2022,859,USD,0.81,USD,695.79,a1Rt0000005TLHy
Guinea Bissau,AGRICOLA CJAM,21/06/2022,(06) JUN 2022,736,USD,0.81,USD,596.16,a1Rt0000005TLHz
Guinea Bissau,AGRICOLA CJAM,2/6/2022,(06) JUN 2022,1550,USD,0.81,USD,1255.51,a1Rt0000005TLI3
Guinea Bissau,AGRICOLA CJAM,2/6/2022,(06) JUN 2022,378.5,USD,0.81,USD,306.59,a1Rt0000005TLI4
Guinea Bissau,AGRICOLA CJAM,11/6/2022,(06) JUN 2022,1700,USD,0.72,USD,1224.01,a1Rt0000005TLI8
Guinea Bissau,AGRICOLA CJAM,11/6/2022,(06) JUN 2022,580,USD,0.81,USD,469.8,a1Rt0000005TLI9
Guinea Bissau,AGRICOLA CJAM,13/06/2022,(06) JUN 2022,275,USD,0.72,USD,198,a1Rt0000005TLID
Guinea Bissau,AGRICOLA CJAM,13/06/2022,(06) JUN 2022,200,USD,0.81,USD,162,a1Rt0000005TLIE
Guinea Bissau,AGRICOLA CJAM,19/06/2022,(06) JUN 2022,558.35,USD,0.81,USD,452.27,a1Rt0000005TLII
Guinea Bissau,AGRICOLA CJAM,19/06/2022,(06) JUN 2022,395,USD,0.81,USD,319.95,a1Rt0000005TLIJ
Guinea Bissau,AGRICOLA CJAM,15/07/2022,(07) JUL 2022,1550,USD,0.81,USD,1255.51,a1Rt0000005TLIN
Guinea Bissau,AGRICOLA CJAM,15/06/2022,(06) JUN 2022,989,USD,0.81,USD,801.1,a1Rt0000005TLIO
Guinea Bissau,CONGAI,5/6/2022,(06) JUN 2022,44685,USD,0.81,USD,36195.08,a1Rt0000005TLIS
Guinea Bissau,CONGAI,5/6/2022,(06) JUN 2022,49752,USD,0.81,USD,40299.38,a1Rt0000005TLIT
Guinea Bissau,CONGAI,9/5/2022,(05) MAY 2022,3643,USD,0.68,USD,2459.04,a1Rt0000005TLIc
Guinea Bissau,CONGAI,9/5/2022,(05) MAY 2022,7035,USD,0.68,USD,4748.66,a1Rt0000005TLId
Guinea Bissau,CONGAI,30/06/2022,(06) JUN 2022,192986,USD,0.9,USD,173688.5,a1Rt0000005TLJG
Guinea Bissau,CONGAI,30/06/2022,(06) JUN 2022,201979,USD,0.9,USD,181782.25,a1Rt0000005TLJH
Guinea Bissau,CONGAI,30/06/2022,(06) JUN 2022,115960,USD,0.9,USD,104364.66,a1Rt0000005TLJL
Guinea Bissau,CONGAI,30/06/2022,(06) JUN 2022,189683,USD,0.9,USD,170715.78,a1Rt0000005TLJM
Guinea Bissau,CONGAI,30/06/2022,(06) JUN 2022,189797,USD,0.9,USD,170818.38,a1Rt0000005TLJQ
Guinea Bissau,CONGAI,30/06/2022,(06) JUN 2022,199698,USD,0.9,USD,179729.34,a1Rt0000005TLJR
Guinea Bissau,CONGAI,1/7/2022,(07) JUL 2022,179865,USD,0.9,USD,161879.52,a1Rt0000005TLJV
Guinea Bissau,CONGAI,1/7/2022,(07) JUL 2022,217643,USD,0.9,USD,195879.94,a1Rt0000005TLJW
Guinea Bissau,CONGAI,3/7/2022,(07) JUL 2022,168650,USD,0.9,USD,151785.96,a1Rt0000005TLJa
Guinea Bissau,CONGAI,3/7/2022,(07) JUL 2022,179860,USD,0.9,USD,161875.02,a1Rt0000005TLJb
Guinea Bissau,CONGAI,5/7/2022,(07) JUL 2022,180979,USD,0.9,USD,162882.13,a1Rt0000005TLJf
Guinea Bissau,CONGAI,5/7/2022,(07) JUL 2022,197865,USD,0.9,USD,178079.63,a1Rt0000005TLJg
Guinea Bissau,CONGAI,30/06/2022,(06) JUN 2022,160875,USD,0.9,USD,144788.42,a1Rt0000005TLJk
Guinea Bissau,CONGAI,30/06/2022,(06) JUN 2022,189698,USD,0.9,USD,170729.28,a1Rt0000005TLJl
Guinea Bissau,CONGAI,2/7/2022,(07) JUL 2022,196897,USD,0.9,USD,177208.42,a1Rt0000005TLJp
Guinea Bissau,CONGAI,2/7/2022,(07) JUL 2022,191785,USD,0.9,USD,172607.59,a1Rt0000005TLJq
Guinea Bissau,CONGAI,3/7/2022,(07) JUL 2022,185876,USD,0.9,USD,167289.46,a1Rt0000005TLJu
Guinea Bissau,CONGAI,3/7/2022,(07) JUL 2022,198960,USD,0.9,USD,179065.13,a1Rt0000005TLJv
Guinea Bissau,CONGAI,4/7/2022,(07) JUL 2022,198543,USD,0.9,USD,178689.83,a1Rt0000005TLJz
Guinea Bissau,CONGAI,4/7/2022,(07) JUL 2022,190684,USD,0.9,USD,171616.69,a1Rt0000005TLK0
Guinea Bissau,CONGAI,6/7/2022,(07) JUL 2022,157890,USD,0.9,USD,142101.9,a1Rt0000005TLK4
Guinea Bissau,CONGAI,6/7/2022,(07) JUL 2022,186967,USD,0.9,USD,168271.36,a1Rt0000005TLK5
Senegal,FADECBA,21/04/2022,(04) APR 2022,16845,USD,0.63,USD,10612.42,a1Rt0000005TLK9
Senegal,FADECBA,9/5/2022,(05) MAY 2022,23937,USD,0.72,USD,17234.75,a1Rt0000005TLKA
Senegal,FADECBA,9/5/2022,(05) MAY 2022,70548,USD,0.9,USD,63493.6,a1Rt0000005TLKB
Senegal,FADECBA,16/05/2022,(05) MAY 2022,184822,USD,1.08,USD,199609.02,a1Rt0000005TLKC
Senegal,FADECBA,25/05/2022,(05) MAY 2022,213208,USD,1.17,USD,249454.94,a1Rt0000005TLKD
Senegal,FADECBA,30/05/2022,(05) MAY 2022,291452,USD,1.26,USD,367231.84,a1Rt0000005TLKE
Senegal,FADECBA,20/06/2022,(06) JUN 2022,153,USD,1.04,USD,159.73,a1Rt0000005TLKF
Senegal,FADECBA,21/06/2022,(06) JUN 2022,49316,USD,1.04,USD,51042.38,a1Rt0000005TLKG
Senegal,FADECBA,15/04/2022,(04) APR 2022,32671,USD,0.63,USD,20582.86,a1Rt0000005TLKH
Senegal,FADECBA,20/04/2022,(04) APR 2022,122831,USD,0.72,USD,88438.88,a1Rt0000005TLKI
Senegal,FADECBA,9/5/2022,(05) MAY 2022,60900,USD,0.99,USD,60291.38,a1Rt0000005TLKJ
Senegal,FADECBA,14/05/2022,(05) MAY 2022,258914,USD,1.08,USD,279628.89,a1Rt0000005TLKK
Senegal,FADECBA,23/05/2022,(05) MAY 2022,308187,USD,1.17,USD,360581.07,a1Rt0000005TLKL
Senegal,FADECBA,25/05/2022,(05) MAY 2022,232938,USD,1.13,USD,262056.91,a1Rt0000005TLKM
Senegal,FADECBA,7/6/2022,(06) JUN 2022,165137,USD,1.26,USD,208073.94,a1Rt0000005TLKN
Senegal,FADECBA,19/06/2022,(06) JUN 2022,228737,USD,1.04,USD,236744.29,a1Rt0000005TLKO
Senegal,FADECBA,26/05/2022,(05) MAY 2022,60300,USD,1.22,USD,73264.96,a1Rt0000005TLKP
Senegal,FADECBA,23/04/2022,(04) APR 2022,13251,USD,0.63,USD,8348.18,a1Rt0000005TLKQ
Senegal,FADECBA,19/05/2022,(05) MAY 2022,45960,USD,1.08,USD,49637.11,a1Rt0000005TLKS
Senegal,FADECBA,24/05/2022,(05) MAY 2022,73805,USD,1.26,USD,92994.89,a1Rt0000005TLKT
Senegal,FADECBA,9/6/2022,(06) JUN 2022,97432,USD,1.17,USD,113996.16,a1Rt0000005TLKU
Senegal,FADECBA,15/06/2022,(06) JUN 2022,85960,USD,1.04,USD,88969.16,a1Rt0000005TLKV
Senegal,FADECBA,24/06/2022,(06) JUN 2022,98539,USD,1.04,USD,101988.51,a1Rt0000005TLKW
Senegal,FADECBA,27/06/2022,(06) JUN 2022,125028,USD,1.08,USD,135031.09,a1Rt0000005TLKX
Senegal,FADECBA,28/06/2022,(06) JUN 2022,73956,USD,1.13,USD,83201.03,a1Rt0000005TLKY
Guinea Bissau,CONGAI,1/6/2022,(06) JUN 2022,27890,USD,0.81,USD,22591.04,a1Rt0000005TLL3
Guinea Bissau,CONGAI,9/6/2022,(06) JUN 2022,81667,USD,0.9,USD,73500.77,a1Rt0000005TLL8
Guinea Bissau,CONGAI,9/6/2022,(06) JUN 2022,83982,USD,0.9,USD,75584.28,a1Rt0000005TLL9
Guinea Bissau,CONGAI,24/06/2022,(06) JUN 2022,136890,USD,0.9,USD,123201.78,a1Rt0000005TLLD
Guinea Bissau,CONGAI,24/06/2022,(06) JUN 2022,178972,USD,0.9,USD,161075.82,a1Rt0000005TLLE
Guinea Bissau,CONGAI,8/6/2022,(06) JUN 2022,65769,USD,0.81,USD,53273.23,a1Rt0000005TLMa
Senegal,BALUH-NA,1/7/2022,(07) JUL 2022,160000,USD,0.99,USD,158401,a1Rt0000005TLri
Senegal,BALUH-NA,2/7/2022,(07) JUL 2022,185000,USD,0.99,USD,183151.16,a1Rt0000005TLrj
Senegal,BALUH-NA,3/7/2022,(07) JUL 2022,100000,USD,1.01,USD,100800.64,a1Rt0000005TLrk
Senegal,BALUH-NA,4/7/2022,(07) JUL 2022,182000,USD,1.01,USD,183457.16,a1Rt0000005TLrl
Senegal,BALUH-NA,5/7/2022,(07) JUL 2022,173000,USD,1.01,USD,174385.1,a1Rt0000005TLrm
Senegal,BALUH-NA,2/7/2022,(07) JUL 2022,140000,USD,1.02,USD,142380.9,a1Rt0000005TLrn
Senegal,BALUH-NA,3/7/2022,(07) JUL 2022,150000,USD,1.02,USD,152550.97,a1Rt0000005TLro
Senegal,BALUH-NA,6/7/2022,(07) JUL 2022,185000,USD,1.02,USD,188146.19,a1Rt0000005TLrp
Senegal,BALUH-NA,7/7/2022,(07) JUL 2022,94000,USD,1.05,USD,98982.63,a1Rt0000005TLrq
Senegal,BALUH-NA,8/7/2022,(07) JUL 2022,131000,USD,1.05,USD,137943.87,a1Rt0000005TLrr
